,REG_DATE,¿⁄ªÁ¡¶«∞¡¶¡∂øÎ ≥√¿Â,"¿⁄ªÁ¡¶«∞¡¶¡∂øÎ ≥√¿Â,∆˜¿Â»Ω∞®,« ∑ø(F)","¿⁄ªÁ¡¶«∞¡¶¡∂øÎ ≥√¿Â,« ∑ø(F)",∆«∏≈øÎ ≥√¿Â,"∆«∏≈øÎ ≥√¿Â,∆˜¿Â»Ω∞®,« ∑ø(F)","∆«∏≈øÎ ≥√¿Â,« ∑ø(F)","∆«∏≈øÎ ≥√¿Â,« ∑ø(F),»Ω∞®",c¿⁄ªÁ¡¶«∞¡¶¡∂øÎ ≥√¿Â,"c¿⁄ªÁ¡¶«∞¡¶¡∂øÎ ≥√¿Â,∆˜¿Â»Ω∞®,« ∑ø(F)","c¿⁄ªÁ¡¶«∞¡¶¡∂øÎ ≥√¿Â,« ∑ø(F)",c∆«∏≈øÎ ≥√¿Â,"c∆«∏≈øÎ ≥√¿Â,∆˜¿Â»Ω∞®,« ∑ø(F)","c∆«∏≈øÎ ≥√¿Â,« ∑ø(F)","c∆«∏≈øÎ ≥√¿Â,« ∑ø(F),»Ω∞®",,,,,,WEEKCOUNT,µŒπŸ¿Ã¿Ø,MONTH,MONTH_MEAN,P_PRICE
0,2015-12-28,8.42,15.495,13.43,8.84,19.15,12.94,12.08,0,0,1,1,1,1,1,,,,,,5,34.58,12,14.65093357,13.288
1,2016-01-04,8.97,15.495,13.76,9.36,18.58,12.74,13.56,1,0,1,2,1,1,1,,,,,,7,32.1,1,14.955954,12.33285714
2,2016-01-11,8.85,15.495,16.51,9.37,14.6,13.88,14.05,1,0,1,1,1,1,1,,,,,,6,27.86,1,14.955954,12.87666667
3,2016-01-18,8.22,15.495,15.23,10.02,18.55,14.33,13.97,1,0,1,1,1,1,1,,,,,,6,26.35,1,14.955954,13.38666667
4,2016-01-25,8.21,15.495,13.47,8.89,18.34,12.97,12.79,0,0,1,1,1,1,1,,,,,,5,26.38,1,14.955954,13.292
5,2016-02-01,8.19,15.495,13.68,9.335,18.39,12.28,12.21,1,0,1,2,1,1,1,,,,,,7,29.95,2,14.39166667,11.91714286
6,2016-02-08,8.98,15.495,15.2,8.85,16.84,13.9,13.39,1,0,1,1,1,1,1,,,,,,6,30.07,2,14.39166667,12.86
7,2016-02-15,9.4,15.495,15.67,9.21,18.85,13.83,12.07,1,0,1,1,1,1,1,,,,,,6,28.94,2,14.39166667,13.17166667
8,2016-02-22,9.5,15.495,14.72,9.605,17.91,14.03,13.31,1,0,1,2,1,1,1,,,,,,7,29.56,2,14.39166667,12.66857143
9,2016-02-29,9.9,15.495,14.8,10.09,17.61,14.5,14.16,1,0,1,2,1,1,1,,,,,,7,29.3,2,14.39166667,13.02142857
10,2016-03-07,9.84,15.495,14.94,9.465,18.35,13.9,13.98,1,0,1,2,1,1,1,,,,,,7,35.37,3,14.78056406,12.84857143
11,2016-03-14,9.47,15.495,15.48,9.375,21.18,12.16,13.8,1,0,1,2,1,1,1,,,,,,7,34.51,3,14.78056406,12.97714286
12,2016-03-21,10.27,15.495,16.03,9.76,17.85,14.85,14.44,1,0,1,2,1,1,1,,,,,,7,35.68,3,14.78056406,13.28
13,2016-03-28,11.04,15.495,17.01,10.055,18.81,15.45,15.02,1,0,1,2,1,1,1,,,,,,7,35.22,3,14.78056406,13.92
14,2016-04-04,10.81,15.495,16.53,10.62,19.68,15.13,14.92,1,0,1,2,1,1,1,,,,,,7,34.05,4,14.86277705,14.04428571
15,2016-04-11,10.15,15.495,14.77,10.13,19.61,14.18,14.35,1,0,1,1,1,1,1,,,,,,6,37.73,4,14.86277705,13.865
16,2016-04-18,9.9,15.495,13.62,9.72,18.93,13.94,14.01,1,0,1,1,1,1,1,,,,,,6,37.94,4,14.86277705,13.35333333
17,2016-04-25,9.87,15.495,13.61,9.91,18.76,14.22,13.83,1,0,1,2,1,1,1,,,,,,7,38.63,4,14.86277705,12.87285714
18,2016-05-02,9.8,15.495,14.04,9.72,18.43,14.16,13.71,1,0,1,1,1,1,1,,,,,,6,42.45,5,14.71583875,13.31
19,2016-05-09,10.47,15.495,13.94,10.35,18.1,15.06,14.81,1,0,1,1,1,1,1,,,,,,6,40.97,5,14.71583875,13.78833333
20,2016-05-16,11.15,15.495,14.59,9.31,19.04,15.54,15.19,1,0,1,2,1,1,1,,,,,,7,44.27,5,14.71583875,13.44714286
21,2016-05-23,10.86,15.495,13.91,10.97,19.27,15.32,15.89,1,0,1,1,1,1,1,,,,,,6,44.16,5,14.71583875,14.37
22,2016-05-30,10,15.495,14.24,9.92,17.98,14.36,14.41,1,0,1,1,1,1,1,,,,,,6,44.31,5,14.71583875,13.485
23,2016-06-06,10.54,15.495,14.04,9.41,19.23,14.9,15.16,1,0,1,3,1,1,1,,,,,,8,46.54,6,14.82230442,12.7625
24,2016-06-13,11.68,15.495,13.46,11.43,20.81,16.09,17.49,1,0,1,1,1,1,1,,,,,,6,46.93,6,14.82230442,15.16
25,2016-06-20,12.07,15.495,14.17,10.655,21.56,17.01,16.42,1,0,1,2,1,1,1,,,,,,7,46.69,6,14.82230442,14.64857143
26,2016-06-27,11.97,15.495,13.89,10.57,20.95,16.13,16.24,1,0,1,2,1,1,1,,,,,,7,46.03,6,14.82230442,14.33142857
27,2016-07-04,12.77,15.495,13.69,11.14,27.14,16.59,16.66,1,0,1,3,1,1,1,,,,,,8,45.77,7,14.63846877,15.03375
28,2016-07-11,13.7,15.495,13.77,11.89666667,27,17.86,17.24,1,0,1,3,1,1,1,,,,,,8,42.84,7,14.63846877,15.6575
29,2016-07-18,13.46,15.495,13.54,10.8125,27.16,17.49,17.18,1,0,1,4,1,1,1,,,,,,9,43.18,7,14.63846877,14.67555556
30,2016-07-25,12.73,15.495,14.07,10.68,27,16.45,15.91,1,0,1,2,1,1,1,,,,,,7,42.59,7,14.63846877,15.36
31,2016-08-01,11.97,15.495,13.65,10.50333333,26.86,15.15,14.43,1,0,1,3,1,1,1,,,,,,8,38.92,8,14.40944084,14.19625
32,2016-08-08,11.21,15.495,13.79,10.39666667,26.92,15.24,14.32,1,0,1,3,1,1,1,,,,,,8,41.62,8,14.40944084,14.08375
33,2016-08-15,11.49,15.495,14.13,10.35,26.95,15.32,14.72,1,0,1,2,1,1,1,,,,,,7,43.27,8,14.40944084,14.75857143
34,2016-08-22,12.03,15.495,13.64,10.09,27.1,15.26,14.8,1,0,1,3,1,1,1,,,,,,8,43.81,8,14.40944084,14.1375
35,2016-08-29,11.59,15.495,14.1,11.59,26.98,14.6,15.32,1,0,1,1,1,1,1,,,,,,6,43.74,8,14.40944084,15.69666667
36,2016-09-05,10.46,15.495,14.37,10.92,27.08,14.99,14.14,1,0,1,1,1,1,1,,,,,,6,43.17,9,14.18596372,15.32666667
37,2016-09-12,9.71,15.495,12.09,10.36,26.93,13.82,13.93,1,0,1,1,0,1,0,,,,,,4,44.89,9,14.18596372,11.495
38,2016-09-19,9.58,15.495,12.78,9.456666667,26.78,13.33,13.72,1,0,1,3,1,1,1,,,,,,8,43.01,9,14.18596372,13.07
39,2016-09-26,10.27,15.495,13.06,9.365,26.92,13.46,14,1,0,1,2,1,1,1,,,,,,7,43.4,9,14.18596372,13.77714286
40,2016-10-03,11.33,15.495,13.91,10.73,26.93,14.3,14.87,1,0,1,2,1,1,1,,,,,,7,48.01,10,14.18298344,14.68571429
41,2016-10-10,11.77,15.495,14.05,11.04333333,27.13,14.64,14.71,1,0,1,3,1,1,1,,,,,,8,49.93,10,14.18298344,14.42875
42,2016-10-17,11.94,15.495,14.19,10.49666667,27.12,14.28,14.83,1,0,1,3,1,1,1,,,,,,8,49.08,10,14.18298344,14.23125
43,2016-10-24,11.71,15.495,14.3,10.63333333,27.05,13.86,15.4,1,0,1,3,1,1,1,,,,,,8,49.19,10,14.18298344,14.2775
44,2016-10-31,11.29,15.495,14.18,9.623333333,27.05,13.82,16.06,1,0,1,3,1,1,1,,,,,,8,44.92,10,14.18298344,13.90875
45,2016-11-07,10.95,15.495,14.28,10.565,24.79,14.23,15.82,1,0,1,2,1,1,1,,,,,,7,43.04,11,13.75146674,14.45714286
46,2016-11-14,11.29,15.495,14.18,10.32666667,27.05,13.65,15.79,1,0,1,3,1,1,1,,,,,,8,42.33,11,13.75146674,14.1175
47,2016-11-21,11.02,15.495,13.83,10.29333333,28.33,14.39,15.34,1,0,1,3,1,1,1,,,,,,8,44.15,11,13.75146674,14.22375
48,2016-11-28,10.57,15.495,14.33,10.39,26.48,15,15.1,1,0,1,2,1,1,1,,,,,,7,44.02,11,13.75146674,14.60857143
49,2016-12-05,10.78,15.495,14.11,10.71,27.05,16.27,15.54,1,0,1,2,1,1,1,,,,,,7,51.51,12,14.65093357,15.02428571
50,2016-12-12,11.59,15.495,14.18,11.065,27.07,16.88,16.37,1,0,1,2,1,1,1,,,,,,7,52.26,12,14.65093357,15.46
51,2016-12-19,12.43,15.495,14.74,11.69,27.14,17.14,17.24,1,0,1,2,1,1,1,,,,,,7,51.81,12,14.65093357,16.01
52,2016-12-26,13.08,15.495,14.57,12.30666667,27.21,17.63,16.94,1,0,1,3,1,1,1,,,,,,8,51.96,12,14.65093357,15.79375
53,2017-01-01,13.13,15.495,14.98,12.25,27.53,16.88,17.65,1,0,1,2,1,1,1,,,,,,7,52.1,1,14.955954,16.38142857
54,2017-01-06,12.51,15.495,15.59,11.95333333,28.07,17.06,17.24,1,0,1,3,1,1,1,,,,,,8,54.82,1,14.955954,15.79125
55,2017-01-16,12.22,15.495,16.33,11.685,28.23,16.02,16.86,1,0,1,2,1,1,1,,,,,,7,53.72,1,14.955954,16.14714286
56,2017-01-23,11.8,15.495,16.66,11.6,28.07,15.08,16.85,1,0,1,1,1,1,1,,,,,,6,53.64,1,14.955954,16.67666667
57,2017-01-30,10.96,15.495,15.96,10.88,21.36,15.1,15.54,1,0,1,1,1,1,1,,,,,,6,53.74,1,14.955954,14.96666667
58,2017-02-06,10.41,15.495,16.17,10.42,24.77,15,15.3,1,0,1,1,1,1,1,,,,,,6,54.25,2,14.39166667,15.345
59,2017-02-13,10.2,15.495,15.92,10.18,28.17,16.02,15.21,1,0,1,1,1,1,1,,,,,,6,54.03,2,14.39166667,15.95
60,2017-02-20,9.99,15.495,16.03,10.44,28.13,15.26,15.07,1,0,1,2,1,1,1,,,,,,7,54.22,2,14.39166667,15.05142857
61,2017-02-27,9.64,15.495,16.01,10.525,28.12,14.66,14.66,1,0,1,2,1,1,1,,,,,,7,54.43,2,14.39166667,14.87714286
62,2017-03-06,9.27,15.495,16,10.00333333,28.18,14.7,14,1,0,1,3,1,1,1,,,,,,8,54.32,3,14.78056406,14.02
63,2017-03-13,9.12,15.495,15.71,10.06,28.44,14.79,14.34,1,0,1,2,1,1,1,,,,,,7,51.35,3,14.78056406,14.64571429
64,2017-03-20,9.53,15.495,15.86,9.43,25.92,14.73,14.68,1,0,1,1,1,1,1,,,,,,6,51.32,3,14.78056406,15.025
65,2017-03-27,9.55,15.495,16.34,9.695,28.22,14.05,14.8,1,0,1,2,1,1,1,,,,,,7,51.01,3,14.78056406,14.62142857
66,2017-04-03,9.44,15.495,16.01,9.43,28.25,13.74,14.68,1,0,1,1,1,1,1,,,,,,6,51.35,4,14.86277705,15.25833333
67,2017-04-10,9.58,15.495,15.99,9.53,28.31,13.8,14.66,1,0,1,1,1,1,1,,,,,,6,53.83,4,14.86277705,15.31166667
68,2017-04-17,9.45,15.495,14.57,9.67,24.34,13.88,14.83,0,0,1,1,1,1,1,,,,,,5,53.43,4,14.86277705,15.458
69,2017-04-24,9.32,15.495,16.2,9.745,28.14,13.92,14.8,0,0,1,2,1,1,1,,,,,,6,52.31,4,14.86277705,15.425
70,2017-05-01,9.19,15.495,15.61,9.49,28.59,13.35,15.19,1,0,1,1,1,1,1,,,,,,6,50.69,5,14.71583875,15.23666667
71,2017-05-08,9.95,15.495,16.22,10.27,28.43,13.49,15.89,1,0,1,2,1,1,1,,,,,,7,48.54,5,14.71583875,14.93142857
72,2017-05-15,10.72,15.495,16.66,10.79,28.37,10.14,16.59,1,0,1,2,1,1,1,,,,,,7,50.04,5,14.71583875,14.86571429
73,2017-05-22,11.02,15.495,16.38,10.985,28.02,11.53,17.28,1,0,1,2,1,1,1,,,,,,7,50.93,5,14.71583875,15.17142857
74,2017-05-29,10.58,15.495,16.32,11.175,28.26,13.58,17.44,1,0,1,2,1,1,1,,,,,,7,50.59,5,14.71583875,15.50428571
75,2017-06-05,10.41,15.495,16.49,10.39,29.07,13.7,16.73,1,0,1,2,1,1,1,,,,,,7,48.25,6,14.82230442,15.31142857
76,2017-06-12,10.47,15.495,16.39,10.725,29.57,13.7,16.68,1,0,1,2,1,1,1,,,,,,7,47.48,6,14.82230442,15.46571429
77,2017-06-19,10.46,15.495,16.42,11.895,29.2,13.67,16.54,1,0,1,2,1,1,1,,,,,,7,46.55,6,14.82230442,15.72571429
78,2017-06-26,10.47,15.495,16.38,11.08,29.06,13.63,16.6,0,0,1,2,1,1,1,,,,,,6,46.25,6,14.82230442,16.305
79,2017-07-03,10.47,15.495,16.47,9.795,32.81,13.61,16.52,1,0,1,2,1,1,1,,,,,,7,48.54,7,14.63846877,15.63857143
80,2017-07-10,10.52,15.495,16.52,9.876666667,29.55,13.58,16.33,1,0,1,3,1,1,1,,,,,,8,46.03,7,14.63846877,14.51625
81,2017-07-17,10.9,15.495,16.43,10.40666667,29.34,13.94,16.24,1,0,1,3,1,1,1,,,,,,8,46.98,7,14.63846877,14.75875
82,2017-07-24,11.17,15.495,16.15,10.64,29.7,12.6,16.26,1,0,1,2,1,1,1,,,,,,7,47.11,7,14.63846877,15.30857143
83,2017-07-31,10.85,15.495,15.81,10.26333333,29.36,12.73,15.91,1,0,1,3,1,1,1,,,,,,8,47.57,7,14.63846877,14.43125
84,2017-08-07,10.62,15.495,16.11,11,29.8,12.48,15.5,1,0,1,1,1,1,1,,,,,,6,51,8,14.40944084,15.91833333
85,2017-08-14,10.39,15.495,15.81,10.25666667,30.14,13.37,15.16,1,0,1,3,1,1,1,,,,,,8,49.85,8,14.40944084,14.455
86,2017-08-21,9.86,15.495,15.52,9.975,29.48,13.4,14.7,1,0,1,2,1,1,1,,,,,,7,50.09,8,14.40944084,14.70142857
87,2017-08-28,10.46,15.495,16.7,9.91,30.33,13.6,14.7,1,0,1,2,1,1,1,,,,,,7,50.24,8,14.40944084,15.08714286
88,2017-09-04,11.27,15.495,15.34,9.87,29.05,13.28,14.74,1,0,1,2,1,1,1,,,,,,7,51.49,9,14.18596372,14.77428571
89,2017-09-11,11.36,15.495,15.94,10.72,30.17,13.51,13.5,1,0,1,1,1,1,1,,,,,,6,52.35,9,14.18596372,15.86666667
90,2017-09-18,10.01,15.495,16.16,10.12,29.73,13.18,14.5,1,0,1,2,1,1,1,,,,,,7,53.25,9,14.18596372,14.83142857
91,2017-09-25,10.2,15.495,15.52,10.625,30.56,13.07,14.77,1,0,1,2,1,1,1,,,,,,7,53.92,9,14.18596372,15.05285714
92,2017-10-02,9.92,15.495,15.44,10.47,29.93,14.56,14.68,0,0,1,1,0,1,0,,,,,,3,54.72,10,14.18298344,13.49
93,2017-10-09,9.64,15.495,15.84,9.7,29.29,14.32,14.58,1,0,1,1,1,1,1,,,,,,6,54.1,10,14.18298344,15.56166667
94,2017-10-16,9.39,15.495,15.32,9.61,30.69,14.05,14.69,1,0,1,1,1,1,1,,,,,,6,55.34,10,14.18298344,15.625
95,2017-10-23,9.69,15.495,15.61,9.41,28.54,14.22,14.68,1,0,1,2,1,1,1,,,,,,7,55.14,10,14.18298344,14.50857143
96,2017-10-30,8.93,15.495,15,8.97,28.24,14.03,14.28,1,0,1,1,1,1,1,,,,,,6,55.54,10,14.18298344,14.90833333
97,2017-11-06,8.3,15.495,14.94,8.15,29.22,13.83,13.11,1,0,1,1,1,1,1,,,,,,6,61.83,11,13.75146674,14.59166667
98,2017-11-13,8.18,15.495,14.46,8.49,29.61,11.48,13.66,1,0,1,2,1,1,1,,,,,,7,61.18,11,13.75146674,13.48142857
99,2017-11-20,8.6,15.495,15.36,8.34,29.64,11.24,12.51,1,0,1,1,1,1,1,,,,,,6,60.55,11,13.75146674,14.28166667
100,2017-11-27,7.57,15.495,15.98,8.02,29.35,13.82,11.12,1,0,1,2,1,1,1,,,,,,7,60.88,11,13.75146674,13.41142857
101,2017-12-04,8.16,15.495,14.94,8.09,29.38,13.92,11.37,1,0,1,1,1,1,1,,,,,,6,60.02,12,14.65093357,14.31
102,2017-12-11,8.5,15.495,15.32,8.49,33.61,13.46,11.55,1,0,1,1,1,1,1,,,,,,6,61.62,12,14.65093357,15.155
103,2017-12-18,8.47,15.495,14.74,8.74,29.31,14.25,11.87,1,0,1,1,1,1,1,,,,,,6,60.8,12,14.65093357,14.56333333
104,2017-12-25,9.1,15.495,14.61,9.14,28.27,14.09,12.3,1,0,1,1,1,1,1,,,,,,6,61.15,12,14.65093357,14.585
105,2018-01-01,9.62,15.495,15.62,9.41,28.27,14.02,12.83,1,0,1,1,0,1,0,,,,,,4,61.6,1,14.955954,12.1675
106,2018-01-08,9.56,15.495,16.04,9.85,28.27,13.54,13.36,1,0,1,1,1,1,1,,,,,,6,65.09,1,14.955954,15.10333333
107,2018-01-15,9.24,15.495,15.83,9.59,29.23,10.98,13.43,1,0,1,1,1,1,1,,,,,,6,66.36,1,14.955954,14.71666667
108,2018-01-22,9.61,15.495,15.89,9.77,28.34,11.73,13.42,1,0,1,2,1,1,1,,,,,,7,65.97,1,14.955954,14.07571429
109,2018-01-29,9.87,15.495,15.28,9.88,28.32,13.63,14,1,0,1,1,1,1,1,,,,,,6,66.23,1,14.955954,15.16333333
110,2018-02-05,9.72,15.495,15.27,9.91,28.31,13.68,14.05,1,0,1,1,1,1,1,,,,,,6,64.99,2,14.39166667,15.15666667
111,2018-02-12,9.44,15.495,14.76,9.88,28.32,11.43,13.99,1,0,1,1,1,1,1,,,,,,6,61.16,2,14.39166667,14.63666667
112,2018-02-19,10.59,15.495,14.89,10.08,28.31,13.59,14.48,1,0,1,2,1,1,1,,,,,,7,62.28,2,14.39166667,14.57428571
113,2018-02-26,10.65,15.495,15.33,10.53,28.25,13.87,14.86,1,0,1,2,1,1,1,,,,,,7,62.75,2,14.39166667,14.86
114,2018-03-05,11.47,15.495,15.84,10.83,28.28,14.09,14.86,1,0,1,2,1,1,1,,,,,,7,61.94,3,14.78056406,15.17142857
115,2018-03-12,11.54,15.495,15.99,11.12,29.76,14.17,15.47,1,0,1,2,1,1,1,,,,,,7,61.32,3,14.78056406,15.59571429
116,2018-03-19,11.15,15.495,15.86,11.09,29.09,14.12,16.2,1,0,1,1,1,1,1,,,,,,6,61.86,3,14.78056406,16.25166667
117,2018-03-26,11.05,15.495,15.92,11.5,29.58,14.13,17.06,1,0,1,1,1,1,1,,,,,,6,62.77,3,14.78056406,16.54
118,2018-04-02,12.52,15.495,16.26,10.96,29.62,15.82,17.83,1,0,1,2,1,1,1,,,,,,7,64.62,4,14.86277705,16.28142857
119,2018-04-09,11.87,15.495,16.04,11.465,28.88,15.74,16.85,1,0,1,2,1,1,1,,,,,,7,65.83,4,14.86277705,16.04428571
120,2018-04-16,11.62,15.495,16.01,11.555,28.77,15.69,16.32,1,0,1,2,1,1,1,,,,,,7,67.25,4,14.86277705,15.93142857
121,2018-04-23,11.35,15.495,15.86,11.08,27.28,15.73,16,1,0,1,2,1,1,1,,,,,,7,68.41,4,14.86277705,15.48285714
122,2018-04-30,11.66,15.495,15.79,11.205,29.05,15.73,16.24,1,0,1,2,1,1,1,,,,,,7,68.27,4,14.86277705,15.84
123,2018-05-07,12.33,15.495,16.26,11.64,27.98,16.1,17.04,1,0,1,2,1,1,1,,,,,,7,72.83,5,14.71583875,16.14142857
124,2018-05-14,12.66,15.495,16.23,11.75,29,12.37,17.7,1,0,1,2,1,1,1,,,,,,7,74.02,5,14.71583875,15.92285714
125,2018-05-21,12.42,15.495,16.19,12.435,29,15.76,17.74,1,0,1,2,1,1,1,,,,,,7,74.79,5,14.71583875,16.56857143
126,2018-05-28,12.53,15.495,15.85,11.365,28.93,15.23,17.41,1,0,1,2,1,1,1,,,,,,7,74.45,5,14.71583875,16.09714286
127,2018-06-04,11.27,15.495,15.4,11.18,28.81,14.99,15.77,1,0,1,2,1,1,1,,,,,,7,73.15,6,14.82230442,15.51428571
128,2018-06-11,10.67,15.495,15.51,10.845,27.72,14.74,15.25,1,0,1,2,1,1,1,,,,,,7,74.37,6,14.82230442,15.08285714
129,2018-06-18,10.92,15.495,15.34,10.905,28.75,14.72,15.26,1,0,1,2,1,1,1,,,,,,7,73.49,6,14.82230442,15.25714286
130,2018-06-25,10.16,15.495,15.29,10.38,28.85,14.35,14.87,1,0,1,2,1,1,1,,,,,,7,73.15,6,14.82230442,14.89714286
131,2018-07-02,10.06,15.495,15.16,10.27,28.72,13.61,14.6,1,0,1,2,1,1,1,,,,,,7,74.33,7,14.63846877,14.67
132,2018-07-09,9.89,15.495,15.05,10.11,35.88,13.43,14.51,1,0,1,2,1,1,1,,,,,,7,75.08,7,14.63846877,15.56857143
133,2018-07-16,9.53,15.495,14.83,10.06,28.76,13.19,14.54,1,0,1,2,1,1,1,,,,,,7,72.01,7,14.63846877,14.42428571
134,2018-07-23,9.41,15.495,14.5,10.03,26.91,13.13,14.65,1,0,1,2,2,1,1,,,,,,8,72.67,7,14.63846877,15.69625
135,2018-07-30,9.89,15.495,15.25,10.19,29.06,13.14,14.28,1,0,1,2,1,1,1,,,,,,7,73.15,7,14.63846877,14.57142857
136,2018-08-06,9.83,15.495,14.93,10.14,28.93,13.56,14.81,1,0,1,1,1,1,1,,,,,,6,72.35,8,14.40944084,15.36666667
137,2018-08-13,10.37,15.495,14.66,10.31,27.055,13.77,14.42,1,0,1,2,2,1,1,,,,,,8,71.52,8,14.40944084,15.99375
138,2018-08-20,9.95,15.495,14.29,10.01,28.87,13.57,14.21,0,0,1,1,1,1,1,,,,,,5,71.18,8,14.40944084,16.19
139,2018-08-27,9.53,15.495,14.4,10.245,28.92,13.83,14.76,1,0,1,2,1,1,1,,,,,,7,72.45,8,14.40944084,14.56142857
140,2018-09-03,10.66,15.495,15.69,10.68,28.91,14.12,15.3,1,0,1,2,1,1,1,,,,,,7,72.49,9,14.18596372,15.14857143
141,2018-09-10,10.92,15.495,15.1,11.08,28.88,13.97,15.5,1,0,1,2,1,1,1,,,,,,7,75.56,9,14.18596372,15.21857143
142,2018-09-17,11.13,15.495,15.15,10.825,28.92,13.74,15.54,1,0,1,2,1,1,1,,,,,,7,76.06,9,14.18596372,15.16142857
143,2018-09-24,11.02,15.495,15.6,11.38,29.02,14.04,15.64,1,0,1,1,1,1,1,,,,,,6,77.02,9,14.18596372,16.11666667
144,2018-10-01,9.8,15.495,14.9,10.995,28.89,14.24,15.56,2,0,1,2,1,1,1,,,,,,8,82.82,10,14.18298344,14.3975
145,2018-10-08,10.5,15.495,15.05,10.845,28.98,14.3,15.29,1,0,1,2,1,1,1,,,,,,7,82.58,10,14.18298344,15.11571429
146,2018-10-15,9.945,15.495,14.9,10.87,27.81,14.53,15.41,2,0,1,3,1,1,1,,,,,,9,80.39,10,14.18298344,13.90555556
147,2018-10-22,9.675,15.495,15.2,10.83,28.98,14.4,15.45,2,0,1,1,1,1,1,,,,,,7,80.19,10,14.18298344,14.88714286
148,2018-10-29,9.895,15.495,15.53,10.5,29.01,14.39,15.26,2,0,1,1,1,1,1,,,,,,7,79.41,10,14.18298344,14.92571429
149,2018-11-05,9.56,15.495,14.8,10.38,29.31,14.1,15.07,1,0,1,1,1,1,1,,,,,,6,71.88,11,13.75146674,15.53666667
150,2018-11-12,9.63,15.495,14.56,10.25,29.12,13.87,15.37,2,0,1,1,1,1,1,,,,,,7,69.81,11,13.75146674,14.63285714
151,2018-11-19,9.515,15.495,14.15,10.245,29.12,12.12,14.99,2,0,1,2,1,1,1,,,,,,8,67.68,11,13.75146674,13.7375
152,2018-11-26,9.29,15.495,13.72,9.405,29.21,12.29,14.71,2,0,1,2,1,1,1,,,,,,8,65.63,11,13.75146674,13.415
153,2018-12-03,9.465,15.495,14.81,9.79,29.22,14.01,14.76,2,0,1,1,1,1,1,,,,,,7,60.52,12,14.65093357,14.50285714
154,2018-12-10,9.74,15.495,14.99,9.89,29.3,14.36,14.91,2,0,1,1,1,1,1,,,,,,7,59.01,12,14.65093357,14.70428571
155,2018-12-17,9.485,15.495,15.03,9.69,26.435,13.65,15.35,2,0,1,1,2,1,1,,,,,,8,59.14,12,14.65093357,15.695
156,2018-12-24,9.61,15.495,15.18,9.755,28.36,14.13,15.94,2,0,1,2,1,1,1,,,,,,8,56.93,12,14.65093357,14.0425
157,2018-12-31,9.82,15.495,14.54,10.74,28.32,14.24,15.87,1,0,1,1,1,1,1,,,,,,6,57.32,12,14.65093357,15.58833333
158,2019-01-07,9.97,15.495,15.21,10.46,29.31,14.5,15.84,2,0,1,1,1,1,1,,,,,,7,55.62,1,14.955954,15.03714286
159,2019-01-14,10.09,15.495,15.11,10.22,27.86,14.56,15.68,1,0,1,1,1,1,1,,,,,,6,57.64,1,14.955954,15.58666667
160,2019-01-21,9.66,15.495,15.66,10.01,29.1,14.44,15.41,1,0,1,1,1,1,1,,,,,,6,59.52,1,14.955954,15.71333333
161,2019-01-28,8.97,15.495,15.03,9.44,29.21,13.97,14,1,0,1,2,1,1,1,,,,,,7,58.92,1,14.955954,14.29428571
162,2019-02-04,9.17,15.495,15.56,9.15,29.06,13.69,15.14,1,0,1,1,1,1,1,,,,,,6,62.55,2,14.39166667,15.295
163,2019-02-11,8.97,15.495,14.93,9.57,29.15,13.83,14.48,1,0,1,2,1,1,1,,,,,,7,61.65,2,14.39166667,14.35714286
164,2019-02-18,9.43,15.495,14.29,9.155,29.2,13.65,14.89,1,0,1,2,1,1,1,,,,,,7,64.68,2,14.39166667,14.25285714
165,2019-02-25,9.61,15.495,14.74,10.01,29.46,14.03,15.31,1,0,1,2,1,1,1,,,,,,7,64.5,2,14.39166667,14.73857143
166,2019-03-04,10.56,15.495,15.38,10.61,29.65,14.8,16.12,1,0,1,2,1,1,1,,,,,,7,65.61,3,14.78056406,15.39
167,2019-03-11,11.17,15.495,15.85,11.04,29.96,15.1,16.66,1,0,1,1,1,1,1,,,,,,6,66.59,3,14.78056406,16.63
168,2019-03-18,11.02,15.495,15.46,11.05,29.96,14.93,16.42,1,0,1,2,1,1,1,,,,,,7,67.02,3,14.78056406,15.69857143
169,2019-03-25,11.28,15.495,15.38,10.65,30.46,14.85,15.93,1,0,1,2,1,1,1,,,,,,7,66.89,3,14.78056406,15.6
170,2019-04-01,10.45,15.495,14.97,10.08,30.51,14.86,16.45,1,0,1,2,1,1,1,,,,,,7,68.46,4,14.86277705,15.34285714
171,2019-04-08,10.51,15.495,15.52,10.365,30.93,14.97,16.89,1,0,1,2,1,1,1,,,,,,7,70.09,4,14.86277705,15.65
172,2019-04-15,10.66,15.495,15.24,10.4,30.4,15.51,17.46,1,0,1,2,1,1,1,,,,,,7,69.83,4,14.86277705,15.72428571
173,2019-04-22,11.66,15.495,15.04,10.95,30.41,15.11,18.04,1,0,1,2,1,1,1,,,,,,7,71.02,4,14.86277705,16.02285714
174,2019-04-29,11.26,15.495,15.43,10.845,30.36,14.51,15.21,1,0,1,2,1,1,1,,,,,,7,70.93,4,14.86277705,15.49428571
175,2019-05-06,10.66,15.495,14.96,10.49,30.41,14.07,16.53,1,0,1,2,1,1,1,,,,,,7,70.56,5,14.71583875,15.37285714
176,2019-05-13,10.6,15.495,15.11,10.655,30.37,14.01,16.16,1,0,1,2,1,1,1,,,,,,7,69.64,5,14.71583875,15.36571429
177,2019-05-20,10.05,15.495,15.21,10.64,30.47,14.04,16.24,1,0,1,2,1,1,1,,,,,,7,70.91,5,14.71583875,15.32714286
178,2019-05-27,9.57,15.495,15.11,9.99,30.38,14.02,16.36,1,0,1,1,1,1,1,,,,,,6,69.43,5,14.71583875,15.905
179,2019-06-03,9.72,15.495,15.54,10.065,30.29,13.41,16.28,1,0,1,2,1,1,1,,,,,,7,60.4,6,14.82230442,15.05285714
180,2019-06-10,9.66,15.495,15.49,10.305,29.97,14.08,17.14,1,0,1,2,1,1,1,,,,,,7,60.59,6,14.82230442,15.27857143
181,2019-06-17,10.25,15.495,15.2,10.65,30.13,13.97,17.09,1,0,1,2,1,1,1,,,,,,7,59.94,6,14.82230442,15.42
182,2019-06-24,9.74,15.495,15.35,9.875,30.16,14.05,16.64,1,0,1,2,1,1,1,,,,,,7,61.64,6,14.82230442,15.09857143
183,2019-07-01,9.55,15.495,15.56,9.805,30.27,13.2,15.05,1,0,1,2,1,1,1,,,,,,7,63.19,7,14.63846877,14.74857143
184,2019-07-08,10.08,15.495,14.91,9.905,30.22,12.75,15.38,1,0,1,2,1,1,1,,,,,,7,62.61,7,14.63846877,14.73571429
185,2019-07-15,9.96,15.495,15.4,9.905,30.12,12.66,16.44,1,0,1,2,1,1,1,,,,,,7,64.31,7,14.63846877,14.91285714
186,2019-07-22,9.41,15.495,14.9,9.535,30.05,12.59,15.69,1,0,1,2,1,1,1,,,,,,7,62.95,7,14.63846877,14.53
187,2019-07-29,9.66,15.495,15.21,9.645,30.17,12.26,15.69,1,0,1,2,1,1,1,,,,,,7,63.16,7,14.63846877,14.61142857
188,2019-08-05,9.35,15.495,14.9,9.665,30.03,12.45,15.48,1,0,1,2,1,1,1,,,,,,7,58.86,8,14.40944084,14.50571429
189,2019-08-12,9.64,15.495,14.58,9.835,30.14,12.24,15.49,1,0,1,2,1,1,1,,,,,,7,58.35,8,14.40944084,14.53714286
190,2019-08-19,8.61,15.495,14.64,9.74,30.38,12.11,15.2,1,0,1,2,1,1,1,,,,,,7,58.93,8,14.40944084,14.34571429
191,2019-08-26,9.26,15.495,14.79,9.565,30.49,12.84,15.15,1,0,1,2,1,1,1,,,,,,7,58.87,8,14.40944084,14.52285714
192,2019-09-02,8.46,15.495,14.81,9.665,30.68,12.93,15.08,1,0,1,2,1,1,1,,,,,,7,59.11,9,14.18596372,14.47
193,2019-09-09,8.25,15.495,14.37,9.69,30.18,12.73,14.51,1,0,1,2,1,1,1,,,,,,7,60.06,9,14.18596372,14.20285714
194,2019-09-16,8.25,15.495,14.17,9.415,30.71,12.06,15.05,1,0,1,2,1,1,1,,,,,,7,63.12,9,14.18596372,14.15285714
195,2019-09-23,7.89,15.495,13.57,8.725,30.14,12.5,15.16,1,0,1,2,1,1,1,,,,,,7,61.64,9,14.18596372,13.81571429
196,2019-09-30,7.45,15.495,13.67,8.39,30.17,11.53,15.27,1,0,1,2,1,1,1,,,,,,7,61.12,9,14.18596372,13.55285714
197,2019-10-07,7.29,15.495,14.37,8.83,30.28,11.65,13.11,1,0,1,2,1,1,1,,,,,,7,58.22,10,14.18298344,13.48
198,2019-10-14,8.55,15.495,14.48,8.875,28.1,12.35,15.31,1,0,1,2,1,1,1,,,,,,7,58.94,10,14.18298344,13.79142857
199,2019-10-21,8.48,15.495,14.74,8.775,30.33,12.54,15.25,1,0,1,2,1,1,1,,,,,,7,58.87,10,14.18298344,14.12714286
200,2019-10-28,8.03,15.495,14.63,8.67,26.5,12.05,15.34,1,0,1,2,1,1,1,,,,,,7,59.45,10,14.18298344,13.41285714
201,2019-11-04,8.2,15.495,14.63,8.43,30.43,11.89,14.11,1,0,1,2,1,1,1,,,,,,7,60.89,11,13.75146674,13.73142857
202,2019-11-11,8.37,15.495,14.72,8.706666667,29.61,12.01,13.87,1,0,1,3,1,1,1,,,,,,8,61.09,11,13.75146674,13.0875
203,2019-11-18,9.22,15.495,14.61,9.036666667,30.24,12.4,14.4,1,0,1,3,1,1,1,,,,,,8,61.56,11,13.75146674,13.4975
204,2019-11-25,9.45,15.495,14.82,9.516666667,29.27,12.93,15,1,0,1,3,1,1,1,,,,,,8,61.94,11,13.75146674,13.7525
205,2019-12-02,9.83,15.495,13.62,9.36,27.98,13.34,15.32,1,0,1,2,1,1,1,,,,,,7,60.41,12,14.65093357,14.11571429
206,2019-12-09,10.33,15.495,14.95,9.715,27.31,14.24,15.96,1,0,1,2,1,1,1,,,,,,7,63.34,12,14.65093357,14.60285714
207,2019-12-16,11.48,15.495,15.29,11.75333333,30.14,15.14,16.84,1,0,1,3,1,1,1,,,,,,8,64.19,12,14.65093357,15.51875
208,2019-12-23,10.66,15.495,15.62,12.43333333,29.93,16.18,17.37,1,0,1,3,1,1,1,,,,,,8,64.65,12,14.65093357,15.8825
209,2019-12-30,11.13,15.495,15.63,13.01666667,30.09,16.5,18.35,1,0,1,3,1,1,1,,,,,,8,64.85,12,14.65093357,16.34375
210,2020-01-06,12.2,15.495,14.76,13.44,28.5,16.34,18.39,1,0,1,2,1,1,0,,,,,,6,68.28,1,14.955954,16.44666667
211,2020-01-13,12.36,15.495,14.7,12.64,29.77,16.09,18.42,1,0,1,3,1,1,1,,,,,,8,65.72,1,14.955954,16.1575
212,2020-01-20,12.23,15.495,15.2,12.37,29.82,15.67,17.91,1,0,1,1,1,1,1,,,,,,6,65.75,1,14.955954,17.2
213,2020-01-27,11.37,15.495,15.12,11.50333333,29.86,15.6,17.68,1,0,1,3,1,1,1,,,,,,8,64.37,1,14.955954,15.5175
214,2020-02-03,10.91,15.495,13.65,10.415,29.67,14.79,16.55,1,0,1,2,1,1,1,,,,,,7,53.5,2,14.39166667,15.2
215,2020-02-10,9.27,15.495,13.49,9.04,29.95,13.91,15.36,1,0,1,1,1,1,1,,,,,,6,53,2,14.39166667,15.17
216,2020-02-17,9.11,15.495,13.31,9.13,30.44,13.49,14.88,1,0,1,2,1,1,1,,,,,,7,55.34,2,14.39166667,14.21285714
217,2020-02-24,9.65,15.495,13.75,9.875,29.8,14.92,16.49,1,0,1,2,1,1,1,,,,,,7,54.68,2,14.39166667,14.90857143
218,2020-03-02,9.48,15.495,14.23,9.73,29.88,14.01,17.09,1,0,1,1,1,1,1,,,,,,6,50.95,3,14.78056406,15.73666667
219,2020-03-09,9.15,15.495,13.65,9.34,29.97,13.16,15.86,1,0,1,1,1,1,1,,,,,,6,36.26,3,14.78056406,15.18833333
220,2020-03-16,8.9,15.495,13.63,9.1,29.98,11.9,16.4,1,0,1,2,1,1,1,,,,,,7,35.45,3,14.78056406,14.14428571
221,2020-03-23,8.91,15.495,13.38,9.66,29.63,11.09,15.92,1,0,1,3,1,1,1,,,,,,8,33.96,3,14.78056406,13.48875
222,2020-03-30,8.7,15.495,12.84,9.215,26.97,12.43,15.96,1,0,1,2,1,1,1,,,,,,7,33.84,3,14.78056406,13.61857143
223,2020-04-06,10.14,15.495,13.55,9.39,29.9,13.54,14.79,1,0,1,1,1,1,1,,,,,,6,27.45,4,14.86277705,15.21833333
224,2020-04-13,9.45,15.495,13.72,9.425,28.02,13.18,14.76,1,0,1,2,0,1,1,,,,,,6,24.74,4,14.86277705,11.66
225,2020-04-20,9.04,15.495,13.59,9.165,26.14,12.98,15.03,1,0,1,2,1,1,1,,,,,,7,21.47,4,14.86277705,13.58714286
226,2020-04-27,8.98,15.495,13.36,8.51,24.5,12.99,14.94,1,0,1,2,1,1,1,,,,,,7,20.37,4,14.86277705,13.11285714
227,2020-05-04,8.42,15.495,13.36,8.37,23.77,12.09,14.73,1,0,1,2,1,1,1,,,,,,7,26.2,5,14.71583875,12.73
228,2020-05-11,8.97,15.495,13.44,8.68,22.89,12.48,14.94,1,0,1,1,1,1,1,,,,,,6,27.27,5,14.71583875,13.56666667
229,2020-05-18,9.87,15.495,13.73,9.96,22.7,13.14,15.06,1,0,1,2,1,1,1,,,,,,7,30.55,5,14.71583875,13.48857143
230,2020-05-25,10.17,15.495,14.11,9.573333333,23.63,13.24,15.35,1,0,1,3,1,1,1,,,,,,8,30.34,5,14.71583875,13.1525
231,2020-06-01,10.65,15.495,14.23,10.29,26.8,13.74,15.61,1,0,1,2,1,1,1,,,,,,7,38.32,6,14.82230442,14.51571429
232,2020-06-08,12.18,15.495,14.64,10.2,25.56,13.97,16.79,1,0,1,3,1,1,1,,,,,,8,40.69,6,14.82230442,14.2175
233,2020-06-15,11.27,15.495,14.59,10.04333333,26.77,13.98,16.85,1,0,1,3,1,1,1,,,,,,8,39.85,6,14.82230442,14.19875
234,2020-06-22,10.02,15.495,14.22,8.825,25.25,13.07,16.51,1,0,1,2,1,1,1,,,,,,7,41.12,6,14.82230442,13.81714286
235,2020-06-29,10.14,15.495,13.87,9.34,24.96,12.77,15.9,1,0,1,3,1,1,1,,,,,,8,40.8,6,14.82230442,13.2075
236,2020-07-06,9.68,15.495,14.16,9.225,24.83,12.75,15.49,1,0,1,2,1,0,1,,,,,,6,42.89,7,14.63846877,13.76833333
237,2020-07-13,9.39,15.495,13.82,9.243333333,24.63,12.73,15.18,1,0,1,3,1,0,1,,,,,,7,43.1,7,14.63846877,12.96428571
238,2020-07-20,9.14,15.495,13.35,8.883333333,24.63,12.71,14.9,1,0,1,3,1,0,1,,,,,,7,43.05,7,14.63846877,12.66714286
239,2020-07-27,9.45,15.495,13.44,8.953333333,29.86,12.69,14.44,1,0,1,3,1,0,1,,,,,,7,43.33,7,14.63846877,13.43571429
240,2020-08-03,9.45,15.495,13.32,8.893333333,26.33,12.67,14.85,1,0,1,3,1,1,1,,,,,,8,43.39,8,14.40944084,12.9125
241,2020-08-10,9.6,15.495,13.97,8.88,23.84,12.65,14.88,1,0,1,4,1,1,1,,,,,,9,43.78,8,14.40944084,12.27333333
242,2020-08-17,9.33,15.495,13.74,9.105,25.7,13.06,15.29,1,0,1,4,1,1,1,,,,,,9,43.78,8,14.40944084,12.61555556
243,2020-08-24,9.35,15.495,13.71,9.103333333,25.2,13.38,14.98,1,0,1,3,1,1,1,,,,,,8,43.91,8,14.40944084,12.99125
244,2020-08-31,8.65,15.495,13.63,8.605,24.56,13.04,15.01,1,0,1,2,1,1,1,,,,,,7,43.99,8,14.40944084,13.15714286
245,2020-09-07,8.72,15.495,13.47,8.75,25.83,13.8,14.92,1,0,1,3,1,1,1,,,,,,8,42.61,9,14.18596372,12.87375
246,2020-09-14,8.65,15.495,13.39,8.895,28.09,11.63,14.68,1,0,1,4,1,1,1,,,,,,9,40.15,9,14.18596372,12.44666667
247,2020-09-21,9.26,15.495,13.14,8.953333333,27.21,13.8,14.51,1,0,1,3,1,1,1,,,,,,8,41.41,9,14.18596372,13.0975
248,2020-09-28,9.41,15.495,14.04,8.97,29.19,13.3,14.78,1,0,1,3,1,1,1,,,,,,8,41.62,9,14.18596372,13.45375
249,2020-10-05,8.9,15.89,13.9,8.26,29.13,13.95,14.39,1,1,1,3,1,1,1,,,,,,9,40.42,10,14.18298344,13.43777778
250,2020-10-12,8.52,15.89,13.28,7.943333333,29.19,13.57,14.12,2,1,1,3,1,1,1,,,,,,10,40.78,10,14.18298344,12.692
251,2020-10-19,8.67,15.31,13.65,7.956666667,28.99,14.18,14.25,2,1,1,3,1,1,1,,,,,,10,41.37,10,14.18298344,12.759
252,2020-10-26,7.64,15.9,13.36,7.515,28.89,13.99,14.4,1,1,1,2,1,1,1,,,,,,8,40.89,10,14.18298344,13.65125
253,2020-11-02,7.75,15.89,13.07,7.095,28.84,13.83,14.13,2,1,1,2,1,1,1,,,,,,9,38.36,11,13.75146674,12.82777778
254,2020-11-09,7.31,15.9,13.56,7,29.19,13.79,14.51,1,1,1,3,1,1,1,,,,,,9,41.4,11,13.75146674,12.80666667
255,2020-11-16,7.4,15.495,13.57,7.283333333,29.17,13.42,14.72,1,0,1,3,1,1,1,,,,,,8,42.52,11,13.75146674,12.51625
256,2020-11-23,8.31,15.2,13.37,7.1,29.37,14.71,14.34,2,1,1,3,1,1,1,,,,,,10,43.08,11,13.75146674,12.491
257,2020-11-30,7.2,15.19,13.42,6.99,29.55,14.78,14.48,1,1,1,2,1,1,1,,,,,,8,43.39,11,13.75146674,13.575
258,2020-12-07,8.225,15.19,13.39,8.493333333,29.23,14.47,14.53,2,1,1,3,1,1,1,,,,,,10,48.23,12,14.65093357,12.874
259,2020-12-14,8.285,15.19,13.46,7.26,29.92,14.38,13.96,2,1,1,3,1,1,1,,,,,,10,49.46,12,14.65093357,12.526
260,2020-12-21,8.435,15.19,13.53,7.406666667,30.44,14.89,14.36,2,1,1,3,1,1,1,,,,,,10,49.86,12,14.65093357,12.75
261,2020-12-28,8.875,15.2,14.26,7.93,29.74,15.29,14.62,2,1,1,2,1,1,1,,,,,,9,49.77,12,14.65093357,13.63555556
