,REG_DATE,중국,페루,칠레c,자사제품제조용,판매용,냉동,"냉동,동체","냉동,동체,자숙","냉동,지느러미","중국,냉동c","칠레,냉동,다리c","칠레,냉동,지느러미c","중국,냉동h","페루,냉동,동체,자숙h","페루,냉동,지느러미h","중국,판매용","페루,판매용","판매용,냉동,다리c",P_PRICE
0,2015-12-28,0.79,3.355,3,,1.74,,1.246666667,5.48,0.76,,1,1,,5.48,,0.79,3.355,2,1.74
1,2016-01-04,,2.33,3,2.375,1.591666667,,1.02,4.475,0.64,,1,1,,8.95,0.6,,2.3,2,1.7875
2,2016-01-11,1.15,1.94,3,1.793333333,1.01,,1.045,3.74,0.755,,,2,,3.74,,1.15,1.15,1,1.345714286
3,2016-01-18,1.255,2.65,3,2.265,1.5275,,0.89,4.095,0.72,,1,1,,8.19,,1.255,3.035,2,1.675
4,2016-01-25,,2.9175,1,4.79,1.955,,0.94,5.005,0.6,,,,,10.01,0.6,,2.293333333,1,2.522
5,2016-02-01,2.346666667,2.71,2,2.67,2.01875,1.775,1.745,3.78,0.75,1,,1,1.7,8.48,,2.346666667,2.75,1,2.149
6,2016-02-15,2.97,4.13,4,2.235,2.05,,1.98,4.13,0.75,,1,2,,8.26,,2.97,4.64,1,2.102857143
7,2016-02-22,,2.226,3,2.7,1.601428571,,0.94,3.9,0.71,,1,1,,7.8,0.72,,2.1075,2,1.89
8,2016-02-29,2.66,4.645,3,3.59,2.194,,1.12,3.983333333,0.68,,1,1,,9.29,,2.66,5.7,1,2.426666667
9,2016-03-07,1.07,2.6425,2,2.44,1.938,1.07,1,4.06,0.56,1,,1,1.07,8.12,,,2.71,1,1.885714286
10,2016-03-14,0.67,2.906666667,1,2.43,1.9875,,0.83,4.09,0.54,,,,,8.18,0.54,0.67,3.145,,2.076
11,2016-03-21,1.775,3.78,3,3.26,1.851666667,,0.825,3.48,0.68,,1,1,,7.56,,1.775,4.3,1,2.052857143
12,2016-03-28,2.96,3.29,4,4.83,2.38125,,0.99,4.335,0.7,,1,1,,10.53,,2.96,2.776666667,2,2.653333333
13,2016-04-04,2.44,2.265,3,,1.621666667,,1.71,3.52,0.79,,1,1,,3.52,,2.44,2.265,2,1.621666667
14,2016-04-11,0.85,,3,,0.905,,0.89,,0.67,,1,1,,,,0.96,,1,0.872
15,2016-04-18,0.72,2.186666667,4,2.273333333,1.215,2.08,1.08,3.82,1.115,,,2,,3.82,,0.72,1.37,1,1.721
16,2016-04-25,1.495,3.69,3,3.69,1.168,2.15,0.945,3.69,0.78,1,1,1,2.15,3.69,,1.495,,1,1.588333333
17,2016-05-02,0.75,1.3,3,,0.846666667,0.4,0.865,,0.69,,1,1,,,,0.75,1.3,2,0.846666667
18,2016-05-09,1.626666667,2.5,4,1.64,1.285,1.42,0.905,2.615,0.74,1,1,2,1.42,2.5,,1.626666667,,1,1.37375
19,2016-05-16,3.56,2.5175,3,2.64,2.2575,,2.655,3.843333333,0.715,,1,1,,7.97,0.7,3.56,2.476666667,2,2.3
20,2016-05-23,,2.383333333,3,,1.658333333,,1.07,3.71,0.73,,1,1,,3.71,,,2.383333333,2,1.658333333
21,2016-05-30,1.22,3.48,3,3.48,1.05,,1.08,3.48,1.02,,1,1,,3.48,,1.22,,1,1.536
22,2016-06-06,0.9,1.33,3,,1.02,,1.005,,0.77,,1,1,,,,0.9,1.33,2,1.02
23,2016-06-13,1.83,2.42,4,,1.722857143,,1.475,2.945,0.79,,1,1,,3.44,,1.83,2.42,2,1.722857143
24,2016-06-20,1.23,,4,1.26,1.035,,1.11,,0.8,,2,1,,,,1.23,,2,1.08
25,2016-06-27,1.763333333,2.22,3,2.68,1.452857143,,1.26,2.895,0.84,,1,1,,3.11,,1.305,2.22,3,1.60625
26,2016-07-04,1.72,5.99,5,1.78,1.926666667,1.68,1.08,3.716666667,0.85,2,1,2,3.36,5.99,,1.4725,5.99,2,1.9
27,2016-07-11,0.92,2.5,3,2.5,0.972,,1,3.42,0.85,,1,1,,3.42,,0.92,,2,1.408571429
28,2016-07-18,1.06,3.7125,4,3.645,1.7125,1.55,1.035,5.795,0.996666667,,1,2,,11.59,,1.06,2.833333333,2,2.099
29,2016-07-25,,,4,,1.9475,,1.2,3.1,2.43,,1,1,,,,,,1,1.9475
30,2016-08-01,1.02,2.83,3,4.06,1.17,1.6,1.115,4.06,0.84,,1,1,,4.06,,1.02,1.6,1,1.651666667
31,2016-08-08,,3.2925,3,3.93,2.071666667,1.64,1.22,5.07,0.85,,1,1,,10.14,,,3.08,2,2.337142857
32,2016-08-15,1.705,2.507142857,3,2.406666667,1.865454545,1.65,1.085,4.66,0.896666667,,1,1,,11.46,1.81,1.705,2.5825,3,1.981428571
33,2016-08-22,,2.891666667,3,3.64,1.91,,1.21,6.13,0.906666667,,1,1,,12.26,1.85,,2.5175,2,2.294444444
34,2016-08-29,,4.843333333,6,4.32,2.165,,1.26,5.736666667,0.88,,2,1,,13.28,,,4.07,3,2.883333333
35,2016-09-05,,3.44,6,3.86,2.02,2.69,1.16,5.213333333,0.84,,2,1,,11.64,0.8,,2.893333333,3,2.521818182
36,2016-09-12,,3.32,4,3.41,1.584,,1.34,4.365,0.88,,1,1,,8.73,,,2.29,2,2.105714286
37,2016-09-19,1.16,3.45,4,4.79,1.97,,1.25,4.996666667,0.835,,1,1,,11.81,0.74,1.16,3.003333333,3,2.252
38,2016-09-26,,3.9625,6,3.946666667,2.18,1.77,1.23,5.59,0.95,,2,1,,12.97,,,3.403333333,3,2.71
39,2016-10-03,1.65,6.37,3,5.22,2.52,1.05,1.435,6.37,0.94,,1,1,,12.74,,1.65,7.52,1,2.695714286
40,2016-10-10,1.1,3.77,4,3.4,1.92125,1.5,1.22,6.555,0.943333333,,1,2,,13.11,0.81,1.1,3.143333333,3,2.217
41,2016-10-17,2.4,6.66,4,3.21,3.12,3.445,1.37,6.66,0.91,1,1,1,2.4,13.32,,2.4,8.4,1,3.1425
42,2016-10-24,1.43,3.9675,4,3.695,2.058571429,,1.24,7.26,0.93,,1,2,,14.52,0.81,1.43,3.19,3,2.422222222
43,2016-10-31,1.555,3.87,3,5.17,2.301111111,4.05,1.4,6.82,0.88,,1,1,,13.64,0.84,1.555,3.436666667,3,2.588
44,2016-11-07,2.72,4.005,3,,2.665714286,3.615,1.26,6.73,0.97,1,1,1,2.72,6.73,,2.72,4.005,2,2.665714286
45,2016-11-14,1.735,4.306666667,3,4.43,2.221,3.075,1.4,5.935,1.165,1,1,1,2.83,11.87,,1.735,4.245,3,2.421818182
46,2016-11-21,2.292,2.1375,6,2.39,1.75,2.71,1.6575,4.415,1.123333333,1,2,2,2.75,5.04,0.76,2.292,1.17,3,1.91
47,2016-11-28,2.405,5.33,3,3.66,2.530909091,2.776666667,1.64,4.58,1.175,2,1,1,5.71,10.66,,2.405,7,1,2.625
48,2016-12-05,2.428,4.13,1,3.99,2.475,2.69,1.14,5.1,1.09,2,,1,5.74,11.53,0.86,2.305,3.665,,2.778
49,2016-12-12,2.124,2.568,3,2.5,2.056666667,2.725,1.16,4.48,1.0375,1,1,1,2.83,9.71,1.88,2.124,2.613333333,3,2.12
50,2016-12-19,2.15,1.09,4,1.22,1.7775,2.45,1.455,4.26,1.0575,1,1,2,2.57,,0.97,2.15,1.09,3,1.734615385
51,2016-12-26,2.532,4.04,3,5.01,2.404166667,2.665,1.9,5.166666667,1.295,,1,1,,11.06,,2.532,3.555,3,2.604615385
52,2017-01-01,2.063333333,2.87,3,2.826666667,2.153,2.14,2.235,6.385,1.033333333,1,1,1,1.38,12.77,1.97,2.063333333,2.913333333,3,2.308461538
53,2017-01-06,1.455,3.9475,3,5.42,2.17375,,1.665,6.83,1.1,,1,1,,13.66,0.96,1.455,3.456666667,3,2.534444444
54,2017-01-16,1.956666667,3.25,3,3.295,2.175454545,2.75,1.403333333,5.116666667,1.253333333,,1,1,,12.12,1.16,1.956666667,3.22,2,2.347692308
55,2017-01-23,1.72,4.1425,3,6.93,2.105555556,2.56,1.435,7.14,1.193333333,1,1,1,2.56,14.28,1.16,1.72,3.213333333,2,2.588
56,2017-01-30,1.49,3.196,3,3.825,1.83,1.61,1.615,6.045,1.265,1,1,1,1.61,12.09,1.11,1.49,2.776666667,3,2.136923077
57,2017-02-06,,3.52,3,3.17,2.56,,1.54,6.82,1.23,,1,1,,13.64,1.16,,3.753333333,2,2.7125
58,2017-02-13,,3.256666667,3,,2.363333333,,1.57,7.41,1.215,,1,1,,7.41,1.11,,3.256666667,2,2.363333333
59,2017-02-20,3.075,3.253333333,3,,2.513333333,2.85,1.45,5.41,1.16,1,1,1,2.85,7.52,1.12,3.075,3.253333333,2,2.513333333
60,2017-02-27,1.49,3.4525,3,6.11,1.78,2.08,1.32,5.72,1.1575,1,1,1,2.08,11.44,1.1,1.49,2.566666667,2,2.213
61,2017-03-06,2.15,3.665,3,4.62,2.3,2.51,1.51,6.145,1.215,1,1,1,2.72,12.29,1.17,2.15,3.346666667,2,2.532
62,2017-03-13,2.075,3.1525,3,5,1.9925,2.93,1.44,5.135,1.19,1,1,1,2.93,10.27,1.14,2.075,2.536666667,3,2.326666667
63,2017-03-20,2.1525,2.926,3,3.57,2.046,2.81,2.023333333,5.425,1.2,1,1,1,2.81,10.85,1.14,1.99,2.5325,3,2.3
64,2017-03-27,2.405,5.085,3,9.1,2.673333333,3.01,1.42,7.44,1.18,1,1,1,3.01,18.02,1.17,2.806666667,3.746666667,3,3.123636364
65,2017-04-03,1.6875,3.1725,3,3.67,2.114545455,2.67,1.49,5.24,1.44,1,1,1,2.32,10.48,1.13,1.6875,3.006666667,3,2.244166667
66,2017-04-10,1.74,3.91,3,7.09,2.109,2.87,1.335,6.66,1.17,1,1,1,2.72,13.32,1.08,1.74,2.85,3,2.561818182
67,2017-04-17,1.846666667,3.25,3,1.1,2.386,2.85,1.295,7.41,1.2675,1,1,1,2.98,7.41,2.34,1.846666667,4.325,1,2.269090909
68,2017-04-24,3,3.5525,3,5.08,2.43125,2.763333333,1.57,6.03,1.16,1,1,1,3,12.06,1.08,3,3.043333333,2,2.683
69,2017-05-01,,2.355,3,,1.921428571,,1.59,5.13,1.23,,1,1,,5.13,1.18,,2.355,2,1.921428571
70,2017-05-08,2.095,3.5375,3,4.275,2.106666667,2.99,1.3,5.91,1.215,1,1,1,2.99,11.82,1.15,2.99,2.8,1,2.487777778
71,2017-05-15,1.6975,4.955,3,,2.47125,,1.786666667,8.85,1.71,,1,1,,8.85,,1.863333333,4.955,3,2.33
72,2017-05-22,2.82,2.41,3,3.65,1.908888889,2.286666667,1.51,3.6,1.175,1,1,1,2.82,7.2,1.1,2.82,1.996666667,2,2.083
73,2017-05-29,2.705,3.306,3,2.805,2.616666667,3.43,1.49,5.86,1.415,1,1,1,3.79,11.72,,2.705,3.64,2,2.650909091
74,2017-06-05,3.01,2.8825,3,,2.506,3.066666667,1.53,7.43,1.19,1,1,1,3.01,7.43,1.12,3.01,2.8825,2,2.506
75,2017-06-12,2.125,2.404,3,3.246666667,1.902222222,3.003333333,1.59,5.91,1.135,1,1,1,2.89,5.91,1,2.125,1.14,3,2.238333333
76,2017-06-19,3.265,3.12,6,2.93,2.356666667,2.9025,1.745,5.12,1.446666667,2,1,2,6.53,10.24,1.14,3.265,2.51,2,2.487692308
77,2017-06-26,3.33,4.405,3,,2.886666667,3.173333333,2.14,7.27,1.31,1,1,1,3.31,7.27,,3.33,4.405,1,2.886666667
78,2017-07-03,3.22,2.748333333,3,2.5,2.739166667,3.503333333,1.58,5.263333333,1.225,1,1,1,2.99,10.78,1.15,3.22,2.8725,2,2.705
79,2017-07-10,2.753333333,3.385,3,6.11,2.453,4.065,2.525,5.485,1.28,1,1,1,3.51,10.97,1.28,2.753333333,2.476666667,3,2.785454545
80,2017-07-17,3.16,3.504,3,3.395,2.915555556,3.66,1.6,6.87,1.215,1,1,1,3.16,13.74,1.13,3.16,3.576666667,2,3.002727273
81,2017-07-24,1.923333333,3.186666667,3,,2.298,2.76,1.575,6.98,1.506666667,1,1,1,2.21,6.98,1.18,1.923333333,3.186666667,2,2.298
82,2017-07-31,2.02,2.715714286,3,2.746666667,2.115555556,2.54,1.49,5.835,1.26,1,1,1,2.54,11.67,2.27,2.02,2.6925,2,2.355384615
83,2017-08-07,3.275,3.862,3,5.28,2.595555556,3.565,2.295,7.78,1.175,1,1,1,3.54,15.56,1.02,3.275,2.916666667,2,3.083636364
84,2017-08-14,3.19,5.376666667,3,5.45,3.058333333,,1.53,7.4,1.335,,1,1,,14.8,1.33,3.19,5.34,1,3.4
85,2017-08-21,3.176666667,3.6725,3,5.55,2.578888889,3.12,2.305,4.843333333,1.445,1,1,1,3.12,11.13,1.56,3.176666667,3.046666667,1,2.876
86,2017-08-28,2.515,2.511666667,3,1.215,2.45,3.81,1.89,8.01,1.5075,1,1,1,3.81,8.01,2.63,2.515,3.16,3,2.26
87,2017-09-04,2.45,3.08,3,,2.557,3.343333333,1.625,6.57,1.275,1,1,1,3.26,6.57,1.19,2.45,3.08,2,2.557
88,2017-09-11,3.185,3.5225,3,4.54,2.5425,3.413333333,1.62,5.59,1.38,2,1,1,6.37,11.18,1.49,3.185,3.183333333,2,2.875
89,2017-09-18,2.365,4.016666667,3,,2.698888889,3.05,1.595,9.12,1.405,1,1,1,3.2,9.12,1.44,2.365,4.016666667,2,2.698888889
90,2017-09-25,1.666666667,5.13,3,,2.4925,2.65,1.585,8.77,1.3,1,1,1,2.73,8.77,,1.666666667,5.13,3,2.501111111
91,2017-10-09,2.47,3.3825,3,3.045,2.421428571,3.31,1.62,5.365,1.37,1,1,1,3.31,10.73,2.8,2.47,3.72,1,2.56
92,2017-10-16,2.21,4.056666667,3,,2.69625,2.85,1.685,8.75,1.51,1,1,1,2.85,8.75,1.55,2.21,4.056666667,2,2.69625
93,2017-10-23,1.42,3.1,3,4.9,1.533333333,,1.675,4.9,1.56,,1,1,,4.9,,1.42,1.3,3,2.014285714
94,2017-10-30,2.88,2.9,3,,2.358571429,3.31,1.815,3.55,1.31,1,1,1,3.31,,,2.88,2.9,1,2.358571429
95,2017-11-06,2.47,2.853333333,1,,2.447777778,2,1.84,4.48,1.87,,,,,5.3,1.61,2.47,2.853333333,1,2.447777778
96,2017-11-13,1.97,1.89,1,,2.121666667,3.15,1.795,,2.015,,,1,,,,1.97,1.89,1,2.121666667
97,2017-11-20,3.06,,3,,2.676666667,3.6,1.925,,1.965,2,1,1,8.19,,,3.06,,1,2.676666667
98,2017-11-27,2.536666667,,,,2.536666667,3.56,1.79,,2.26,1,,,3.56,,,2.536666667,,,2.536666667
99,2017-12-04,2.362,,3,2.42,2.151111111,2.833333333,2.095,,2.093333333,1,1,1,3.49,,,2.3475,,2,2.178
100,2017-12-11,3.081428571,,3,2.68,2.575555556,2.61,2.273333333,6.09,1.82,2,1,1,5.69,,,3.242,,2,2.594545455
101,2017-12-18,2.792,,3,3.07,2.506363636,3.573333333,2.16,5,1.97,2,1,1,7.75,,,2.672857143,,3,2.627142857
102,2017-12-25,3.58,8.04,,3.685,4.11125,3.13,2.02,6.25,2.73,2,,,6.26,8.04,,3.55,8.04,1,4.026
103,2018-01-01,3.70625,2.765,,5.325,2.972222222,2.763333333,2.635,5.743333333,2.3,2,,,6.07,,2.39,3.166666667,2.765,1,3.4
104,2018-01-08,3.075,4.3725,2,6.48,3.052307692,3.195,2.245,5.3225,2.425,2,1,,6.39,12.31,2.63,3.075,3.67,3,3.297142857
105,2018-01-15,2.2575,4.458333333,2,3.324,2.983636364,3.135,2.4075,8.03,2.116,2,,1,6.27,16.06,5,2.032,4.5075,2,3.09
106,2018-01-22,2.88875,3.59,3,2.765,2.841333333,2.863333333,2.555,5.995,2.376666667,2,1,1,6.28,6.64,2.58,2.93,3.59,4,2.832352941
107,2018-01-29,2.383333333,4.745,,4.496666667,3.126,2.696666667,2.07,8.57,2.53,2,,,6.11,17.14,5.27,2.418,4.2975,2,3.442307692
108,2018-02-05,2.6925,3.86,,2.22,3.307272727,3.26,2.095,8.55,2.43,3,,,11.26,8.55,5.03,2.951666667,4.2225,2,3.044285714
109,2018-02-12,3.6675,5.096666667,,6.18,3.963333333,3.19,2.11,6.436666667,2.55,1,,,3.19,9.94,2.55,2.83,5.096666667,1,4.28
110,2018-02-19,2.505,4.278,,4.69,3.147142857,2.86,1.97,6.915,2.58,1,,,2.86,13.83,2.58,2.505,4.003333333,2,3.49
111,2018-02-26,,7.145,2,,4.6525,,2.3,11.95,2.18,,,1,,11.95,2.34,,7.145,,4.6525
112,2018-03-05,3.435,4.813333333,3,,3.525,,2.35,6.835,2.345,,1,1,,9.04,2.69,3.435,4.813333333,2,3.525
113,2018-03-12,2.52,5.514285714,3,6.34,3.487777778,2.71,2.54,11.06,2.045,1,1,1,2.71,22.12,2.56,2.52,4.895,2,4.200833333
114,2018-03-19,3.5975,5.41,3,5.726666667,3.478,3.916666667,2.68,10.02,2.54,2,1,1,9,20.04,5.11,3.796666667,4.29,2,3.996923077
115,2018-03-26,2.385,4.19,4,3.5,3.163333333,2.9075,2.36,7.69,2.185,1,1,1,3.28,15.38,4.79,2.94,4.1025,2,3.146875
116,2018-04-02,2.7525,3.718333333,3,4.695,3.082727273,3.49,2.43,6.95,2.226666667,2,1,1,6.72,13.9,4.23,3.07,3.23,2,3.221428571
117,2018-04-09,3.198333333,4.26,3,3.98,3.306153846,3.053333333,2.848,7.96,2.83,2,1,1,6.93,15.92,5.56,3.292,4.0875,2,3.4325
118,2018-04-16,2.983333333,3.998,3,4.24,3.131111111,3.24,2.535,7.03,2.36,1,1,1,3.24,14.06,2.32,2.983333333,3.836666667,3,3.332727273
119,2018-04-23,2.895,3.634,3,4.87,3.072,3.775,2.426666667,5.695,2.355,1,1,1,3.48,11.39,2.28,2.895,3.325,2,3.235454545
120,2018-04-30,2.45,4.026,3,3.51,3.201,3.5,2.445,6.16,2.08,1,1,1,3.41,12.32,2.03,2.785,3.7225,2,3.2525
121,2018-05-07,2.77,3.178571429,3,4.035,2.8375,3.61,2.463333333,5.87,2.215,1,1,1,3.63,11.74,4.02,2.77,2.836,2,3.008571429
122,2018-05-14,3.16,3.0825,3,,2.948888889,3.54,2.606666667,6.64,2.21,1,1,1,3.54,6.64,1.98,3.16,3.0825,2,2.948888889
123,2018-05-21,3.345,2.985,3,2.873333333,2.979,3.25,2.72,5.53,2.113333333,1,1,1,3.5,11.06,3.85,3.345,3.052,2,2.957857143
124,2018-05-28,3.7,3.405,3,3.945,3.151,4.325,2.483333333,6.165,2.265,2,1,1,8.65,12.33,2.13,3.7,3.135,2,3.283333333
125,2018-06-04,3.74,3.185,3,3.196666667,3.15,3.99,2.58,5.58,2.09,1,1,1,3.74,11.16,3.96,3.74,3.173333333,2,3.162727273
126,2018-06-11,3.75,4.316,3,9.09,3.17,4.1,2.375,6.33,2.345,2,1,1,8.2,15.94,2.19,3.75,3.1225,2,3.708181818
127,2018-06-18,3.376666667,2.985714286,4,2.646666667,3.059090909,3.11,2.67,4.733333333,2.196666667,1,1,1,3.86,10.75,3.91,3.376666667,3.24,2,2.970714286
128,2018-06-25,2.755,3.428333333,3,6.49,2.732,3.11,2.38,6.015,2.21,1,1,1,3.11,12.03,2.04,2.755,2.816,2,3.073636364
129,2018-07-02,2.73,3.725,3,3.98,3.221111111,4.17,2.315,5.675,2.17,1,1,1,3.46,11.35,1.93,2.73,3.64,2,3.297
130,2018-07-09,3.29,3.556,3,3.61,2.978,2.99,3.37,6.055,2.155,1,1,1,2.44,12.11,1.97,3.29,3.52,2,3.200769231
131,2018-07-16,3.95,3.658333333,4,4.105,3.514,4.365,2.53,6.186666667,2.096666667,1,1,1,3.95,13.56,3.97,3.95,3.435,2,3.6125
132,2018-07-23,3.193333333,3.891666667,3,4.805,3.075454545,3.255,2.786666667,7.45,2.155,2,1,1,6.14,14.9,2.06,3.193333333,3.435,2,3.375
133,2018-07-30,2.99,3.012,3,,3.0125,3.73,2.44,6.19,2.095,1,1,1,3.51,6.19,2.01,2.99,3.012,2,3.0125
134,2018-08-06,3.03,3.901428571,4,5.935,3.239285714,3.735,2.52,6.97,2.215,2,1,1,6.59,15.91,2.07,3.03,3.088,2,3.57625
135,2018-08-13,2.77,4.162,3,8.7,2.7925,2.77,2.32,7.265,2.285,1,1,1,2.77,14.53,2.39,2.77,3.0275,2,3.448888889
136,2018-08-20,3.59,3.576666667,3,3.68,3.226666667,3.78,2.51,6.065,2.165,1,1,1,3.59,12.13,2.09,3.59,3.525,2,3.309090909
137,2018-08-27,2.64,4.732,3,7.96,3.348,4.075,2.5275,7.975,2.1,1,1,1,3.93,15.95,1.96,3.085,3.925,2,3.599166667
138,2018-09-03,2.745,4.042,3,5.7,3.067777778,3.03,2.54,6.195,2.3,1,1,1,3.03,12.39,2.34,2.745,3.6275,2,3.331
139,2018-09-10,3,4.33,3,5.63,3.117777778,3.345,2.445,6.415,2.345,2,1,1,6.69,12.83,2.39,3,3.896666667,2,3.369
140,2018-09-17,3.046666667,4.902857143,4,7.795,3.395384615,3.653333333,2.51,10.805,2.325,2,1,1,6.68,21.61,2.32,3.046666667,3.746,2,3.982
141,2018-09-24,3.28,1.95,3,,2.821666667,3.65,2.63,,2.39,1,1,1,3.28,,,3.28,1.95,2,2.821666667
142,2018-10-01,3.153333333,3.9875,3,5.68,3.058,3.28,2.57,5.7,2.11,1,1,1,3.14,11.4,1.95,3.153333333,3.423333333,2,3.296363636
143,2018-10-08,3.01,5,3,3.1,3.071428571,3.19,2.51,5,2.35,3,1,1,9.57,5,,2.98,5,1,3.075
144,2018-10-15,2.895,4.6,3,3.9075,3.14,3.2,2.603333333,5.725,2.28,2,1,1,6.4,11.45,2.25,2.835,4.34,1,3.419090909
145,2018-10-22,3.09,3.87,3,3.736666667,3.02625,2.98,2.8725,5.71,2.455,2,1,1,5.96,5.71,2.34,2.955,3.573333333,1,3.22
146,2018-10-29,3.155,4.603333333,,5.66,3.401666667,3.12,2.68,5.675,,1,,,3.41,11.35,,3.155,4.075,,3.724285714
147,2018-11-05,3.706,2.475,2,3.3,3.448888889,4.236,2.673333333,,2.4,4,1,,15.8,,2.4,3.8075,2.475,1,3.434
148,2018-11-12,2.87,6.5,3,6.5,2.655,2.595,3.035,6.5,2.28,2,1,1,5.19,6.5,,2.87,,1,3.204285714
149,2018-11-19,2.583333333,4.573333333,3,5.65,3.034444444,3.615,2.245,5.695,2.405,1,1,1,3.15,11.39,2.33,2.583333333,4.035,2,3.296
150,2018-11-26,3.315,3.92,,3.17,3.586,3.813333333,,5.62,2.22,3,,,11.44,5.62,2.22,3.363333333,3.92,1,3.516666667
151,2018-12-03,3.072,5.005,1,,3.543333333,3.58,3.55,7,2.69,1,,1,3.27,7,,3.072,5.005,2,3.543333333
152,2018-12-10,3.551666667,3.603333333,1,5.47,3.300833333,3.672857143,3.66,6.3,2.4,4,,1,15.4,6.3,2.15,3.168,3.603333333,2,3.467692308
153,2018-12-17,3.285,4.08,1,4.3,3.275,4.135,3.34,5.86,2.475,2,,1,8.27,5.86,2.3,2.946666667,4.08,1,3.421428571
154,2018-12-24,2.8375,3.793333333,,,3.35875,3.82,2.57,6.78,2.22,1,,,3.5,6.78,,2.8375,3.793333333,2,3.35875
155,2018-12-31,2.886666667,,2,,2.876666667,3.755,2.885,,2.36,1,,1,3.86,,,2.886666667,,1,2.876666667
156,2019-01-07,3.443333333,2.21,,,3.144,3.58,3.69,,2.21,1,,,3.98,,2.21,3.443333333,2.21,1,3.144
157,2019-01-14,3.17,4.055,,,3.403333333,3.355,3.6,6,2.11,1,,,3.91,6,2.11,3.17,4.055,1,3.403333333
158,2019-01-21,3.244,4,,4.76,2.693333333,2.855,4.02,4.48,2.3,2,,,7.59,5.7,2.3,3.1,2.3,1,3.069090909
159,2019-01-28,2.8725,,,,2.852,2.726666667,3.02,,,2,,,5.41,,,2.8725,,1,2.852
160,2019-02-04,2.91,,,,2.91,2.91,,,,1,,,2.91,,,2.91,,,2.91
161,2019-02-11,3.295,3.706,,5.45,3.2825,2.64,2.545,6.125,1.98,2,,,5.92,12.25,1.98,3.295,3.27,1,3.523333333
162,2019-02-18,3.485,3.234285714,,4.74,2.76625,2.336666667,2.77,5.32,2.08,1,,,3.51,10.64,2.08,3.485,2.632,1,3.161
163,2019-02-25,3.45,3.086666667,,,3.45,3.995,,5.94,1.92,1,,,3.45,5.94,1.92,3.45,3.086666667,1,3.45
164,2019-03-04,2.496666667,2.867142857,,4.56,2.555555556,2.14,2.245,5.23,1.91,2,,,4.92,10.46,1.91,2.496666667,2.585,1,2.756
165,2019-03-11,3.99,2.785,,3.81,3.216666667,4.06,2.925,5.31,2.04,2,,,8.12,5.31,2.04,4.08,2.785,1,3.301428571
166,2019-03-18,3.115,2.663333333,,4.97,2.903333333,2.972,3.28,4.31,1.88,1,,,2.08,9.27,1.88,3.115,2.202,2,3.062307692
167,2019-03-25,3.12,3.211428571,,3.635,3.084545455,2.87,1.96,5.776666667,2.003333333,2,,,7.26,14.06,3.84,3.12,3.042,2,3.169230769
168,2019-04-01,2.385,2.8,,2.96,2.894285714,2.676666667,2.8,5.21,1.73,1,,,1.97,10.42,3.46,2.385,2.72,1,2.908888889
169,2019-04-08,2.416666667,3.118333333,,5.24,2.798888889,3.385,2.275,5.37,1.78,1,,,2.3,10.74,1.78,2.416666667,2.694,2,3.043
170,2019-04-15,3.41,3.044,,4.76,2.88,4.26,2.27,4.765,1.8,1,,,4.26,9.53,1.8,3.41,2.615,1,3.148571429
171,2019-04-22,2.886666667,3.161666667,,4.12,3,3.76,2.115,5.14,1.76,1,,,2.91,12.09,3.52,2.886666667,2.6825,1,3.224
172,2019-04-29,3.106666667,2.502,,1.7,3.105555556,3.82,2.165,4.42,1.7,1,,,3.64,5.56,3.4,3.106666667,2.7025,1,2.965
173,2019-05-06,2.645,3.085,,5.01,2.638181818,2.6,2.23,4.55,1.72,1,,,2.86,10.76,1.72,2.645,2.7,2,2.835833333
174,2019-05-13,3.202,3.331666667,,3.625,3.344,4.166666667,2.36,5.403333333,1.916666667,2,,,7.81,12.88,3.59,3.202,3.185,1,3.390833333
175,2019-05-20,2.86,3.161666667,,4.635,2.585714286,3.02,2.14,5.925,1.785,1,,,3.36,11.85,3.57,2.86,2.425,1,3.041111111
176,2019-05-27,2.2825,3.418,,4.33,2.792222222,2.736666667,2.235,5.74,1.8,2,,,4.97,11.48,1.8,2.2825,3.19,2,2.946
177,2019-06-03,3.015,3.106,,5.28,2.822857143,3.56,2.26,4.995,1.79,1,,,3.64,9.99,1.79,3.015,2.5625,1,3.13
178,2019-06-10,3.612,3.142,2,2.7,3.350714286,3.886666667,2.3,7.29,1.89,2,,1,8.76,7.29,1.78,3.612,3.2525,2,3.284375
179,2019-06-17,2.825,2.926,3,,2.977647059,4.038,2.296666667,4.115,1.796666667,2,1,1,7.32,4.99,1.99,2.825,2.926,3,2.977647059
180,2019-06-24,2.632,3.738333333,4,7.76,2.74875,3.2275,2.386666667,5.186666667,1.91,1,1,1,2.53,12.37,2.14,2.632,2.934,2,3.043529412
181,2019-07-01,3.16,3.44,4,3.93,2.651538462,2.7075,3.055,5.49,1.97,1,1,1,3.56,10.98,2.06,2.866666667,3.1525,3,2.89125
182,2019-07-08,2.763333333,3.155,4,2.42,2.946666667,3.555,2.453333333,6,2.125,1,1,1,3.45,6,2.19,2.935,3.155,2,2.906153846
183,2019-07-15,2.678,3.665,4,6.28,2.97875,3.69,2.47,6.215,2.055,1,1,1,2.81,12.43,2.12,2.678,3.142,3,3.172941176
184,2019-07-22,2.573333333,3.285,4,,3.072857143,3.62,2.736666667,6.43,2.13,1,1,1,2.42,6.43,2.19,2.573333333,3.285,2,3.072857143
185,2019-07-29,2.75,3.1625,4,,2.69,2.796666667,2.53,5.94,2.16,1,1,1,3.23,5.94,2.21,2.75,3.1625,4,2.726923077
186,2019-08-05,4.14,3.08,4,,2.946666667,3.298,2.73,5.45,2.095,2,1,1,9.31,5.45,2.21,4.14,3.08,2,2.96
187,2019-08-12,2.54,3.248,5,4.5,2.599,2.54,2.5,4.87,2.183333333,1,1,2,2.54,9.74,2.11,2.54,2.935,2,2.771818182
188,2019-08-19,2.556,3.0325,4,,2.599230769,2.62,2.536666667,5.12,2.06,2,1,1,5.94,5.12,2.24,2.556,3.0325,2,2.599230769
189,2019-08-26,2.433333333,3.632,3,4.41,2.854166667,3.246666667,2.44,5.74,2.01,1,1,1,2.41,11.48,2.07,2.433333333,3.4375,2,2.96
190,2019-09-02,2.2825,3.034,3,4.22,2.601666667,3.345,2.466666667,4.385,2.09,1,1,1,2.14,8.77,2.08,2.2825,2.7375,3,2.726153846
191,2019-09-09,2.986666667,3.656,2,6.75,2.673,2.3,2.503333333,5.895,1.96,1,,1,2.59,11.79,1.96,2.986666667,2.8825,1,3.043636364
192,2019-09-16,2.675,2.6275,3,,2.72,3.7,2.42,4.1,2,1,1,1,3.03,4.1,1.95,2.675,2.6275,2,2.72
193,2019-09-23,2.3675,2.982,4,3.5,2.495,2.14,2.293333333,3.483333333,2.005,2,2,1,4.28,7.52,1.82,2.3675,2.8525,3,2.572307692
194,2019-09-30,2.376666667,3.204,4,3.97,2.525454545,2.625,2.375,4.91,1.855,1,1,1,1.9,9.82,1.73,2.376666667,3.0125,3,2.7
195,2019-10-07,2.88,3.06,6,4.71,2.565,3.11,2.46,4.47,1.963333333,2,2,2,5.67,8.94,1.74,2.88,2.6475,3,2.748125
196,2019-10-14,2.915,2.46,6,3.65,2.409230769,3.28,2.47,3.385,1.886666667,1,2,2,3.28,3.65,1.64,2.915,2.063333333,4,2.497857143
197,2019-10-21,2.6875,2.565,3,,2.431818182,3.01,2.176666667,4.4,1.66,2,1,1,6.02,4.4,1.65,2.6875,2.565,3,2.431818182
198,2019-10-28,3.166666667,3.45,5,,2.835,3.415,2.285,6.4,1.986666667,1,1,2,3.44,6.4,1.75,3.166666667,3.45,1,2.835
199,2019-11-04,2.806,2.8475,3,,2.655384615,2.96,2.383333333,4.87,1.82,2,1,1,6.1,4.87,1.72,2.806,2.8475,3,2.655384615
200,2019-11-11,2.33,2.546666667,6,,2.288181818,1.9,2.4,3.9,1.903333333,1,2,2,1.9,3.9,1.75,2.33,2.546666667,2,2.288181818
201,2019-11-18,2.9725,1.843333333,3,1.75,2.435,3.1,2.33,,1.81,2,1,1,6.76,,3.42,2.9725,1.89,2,2.372727273
202,2019-11-25,2.806,2.46,2,4.23,2.413,3.75,2.4,3.95,1.716666667,2,,1,7.5,3.95,1.71,2.45,2.46,2,2.578181818
203,2019-12-02,2.82,2.448,3,2.05,2.516,2.73,2.46,3.8,1.625,1,1,1,2.69,3.8,1.65,2.82,2.713333333,2,2.438333333
204,2019-12-09,3.505,2.78,2,3.78,2.796,4.3,2.676666667,3.66,1.575,1,,1,4.3,7.66,1.66,3.505,2.53,1,2.885454545
205,2019-12-16,3.094,1.945,2,,2.769,4.42,2.42,3.16,2.1075,1,,1,4.13,,1.66,3.094,1.945,,2.769
206,2019-12-23,3.596666667,2.643333333,2,,2.977777778,3.64,2.84,3.87,1.745,2,,1,6.89,3.87,1.72,3.596666667,2.643333333,,2.977777778
207,2019-12-30,3.2025,3.25,3,3.78,2.905,3.41,2.813333333,3.993333333,1.78,1,1,1,4.11,9.05,1.76,3.2025,3.144,3,2.953571429
208,2020-01-06,3.196666667,2.6775,5,4.39,2.573571429,3.896666667,2.3725,4,1.83,3,1,2,11.69,4,1.68,2.958,2.6775,3,2.694666667
209,2020-01-13,3.425,2.716,3,2.18,2.995833333,4.355,2.79,4.06,1.765,1,1,1,4.16,4.91,1.78,3.425,2.85,2,2.933076923
210,2020-01-20,3.1725,3.073333333,3,,2.9325,4.165,2.51,5.39,2.206666667,1,1,1,4.12,5.39,1.65,3.1725,3.073333333,2,2.9325
211,2020-01-27,3.165,2.634,3,,2.573,3.23,2.45,3.93,1.63,1,1,1,3.23,3.93,1.44,3.165,2.634,2,2.573
212,2020-02-03,1.117,3.293333333,,,2.8634,2.2185,2.13,5.69,,1,,,1.117,5.69,,1.117,3.293333333,1,2.8634
213,2020-02-10,,3.183333333,,3.72,2.915,,2.11,3.72,,,,,,7.44,,,2.915,,3.183333333
214,2020-02-17,4.39,2.5475,,3.3,2.66,4.39,2.02,3.8,1.57,1,,,4.39,3.8,1.57,4.39,1.795,,2.916
215,2020-02-24,2.775,2.5375,3,,2.419166667,2.68,2.216666667,3.8,1.996666667,1,1,1,3.15,3.8,1.76,2.775,2.5375,3,2.419166667
216,2020-03-02,3.155,3.182,1,5.06,2.853,3.046666667,2.483333333,4.445,1.85,2,,,6.24,8.89,1.85,3.155,2.7125,1,3.053636364
217,2020-03-09,3.125,2.998333333,3,3.8,2.626,2.68,2.563333333,4.15,1.8,1,1,1,2.66,8.3,1.91,3.125,2.838,2,2.73
218,2020-03-16,3.526666667,2.66,3,3.8,2.6075,3.51,3.2,3.345,1.705,1,1,1,3.51,3.8,1.68,3.526666667,2.09,2,2.74
219,2020-03-23,3.42,1.9,3,,2.357142857,3.88,2.46,,1.57,1,1,1,3.88,,1.62,3.42,1.9,1,2.357142857
220,2020-03-30,2.31,2.25,4,,2.06,1.96,2.065,,1.595,1,1,2,1.96,,,2.31,2.25,2,2.06
221,2020-04-06,2.9625,3.98,3,,2.807777778,3.183333333,2.455,3.98,2.365,2,1,1,5.9,3.98,,2.9625,3.98,1,2.807777778
222,2020-04-13,2.36,3.2,3,,2.51,2.673333333,2.05,4.4,1.76,2,1,1,5.26,4.4,2,2.36,3.2,1,2.51
223,2020-04-20,2.2775,2.776666667,3,,2.378181818,2.49,2.33,4.1,1.673333333,1,1,1,2.41,4.1,1.8,2.2775,2.776666667,3,2.378181818
224,2020-04-27,2.063333333,3.98,3,,2.47375,2.67,2.16,3.98,1.65,1,1,1,1.82,3.98,,2.063333333,3.98,2,2.47375
225,2020-05-04,3.396666667,3.04,3,3.2,3.035454545,3.77,2.145,6.69,2.12,2,1,1,7.44,,,3.396666667,2.88,2,3.049166667
226,2020-05-11,2.6625,3.515,3,4,2.850833333,3.918,2.355,5.43,1.583333333,1,1,1,3.56,5.43,1.78,2.6625,3.353333333,2,3.100666667
227,2020-05-18,2.524,2.966666667,3,,2.636153846,3.35,2.12,4.355,1.683333333,1,1,1,3.63,4.84,1.79,2.524,2.966666667,2,2.706428571
228,2020-05-25,2.995,2.1,,,2.87,3.185,1.975,4.41,1.37,3,,,10.1,,,2.995,2.1,1,2.87
229,2020-06-01,2.5775,2.36,3,,2.477,3.875,2.385,,1.686666667,1,1,1,4.13,,2.05,2.5775,2.36,3,2.477
230,2020-06-08,2.448333333,3.1625,3,6.04,2.305,3.065,2.166666667,4.685,1.593333333,2,1,1,6.13,6.04,1.98,2.448333333,2.203333333,3,2.592307692
231,2020-06-15,2.595,1.905,3,,2.526923077,3.47,2.046666667,3.53,1.533333333,2,1,1,6.63,,1.67,2.595,1.905,2,2.526923077
232,2020-06-22,2.774285714,,3,,2.68,2.9225,1.99,3.69,2.253333333,1,1,1,2.69,,,2.774285714,,2,2.68
233,2020-06-29,2.688,2.59,3,,2.583636364,3.103333333,2.09,3.72,1.62,2,1,1,5.41,,,2.688,2.59,3,2.583636364
234,2020-07-06,2.761666667,2.9225,3,4.07,2.543333333,2.96,2.186666667,4.143333333,1.67,1,1,1,2.96,4.51,1.83,2.5,2.9225,3,2.660769231
235,2020-07-13,3.364,3.19,4,,3.153333333,4.035,2.043333333,3.946666667,1.64,2,1,1,8.96,3.77,,3.364,3.19,3,3.153333333
236,2020-07-20,2.285,3.45,3,,2.617,3.533333333,1.966666667,4.225,1.255,1,1,1,2.97,4.7,,2.285,3.45,1,2.733636364
237,2020-07-27,2.025,3.474,3,5.46,2.560769231,3.463333333,1.89,5.33,1.536666667,1,1,1,3.37,10.66,1.69,2.025,2.9775,3,2.767857143
238,2020-08-03,3.512,3.232,3,4.7,3.082,4.071666667,1.913333333,4.695,1.715,3,1,1,13.67,9.39,1.69,3.512,2.865,3,3.183125
239,2020-08-10,2.073333333,3.161428571,3,3.285,2.718461538,3.533333333,1.983333333,4.625,1.366666667,1,1,1,3.52,9.25,1.63,2.073333333,3.112,2,2.794
240,2020-08-17,2.626666667,3.026,3,4.3,2.544545455,3.36,2.27,4.41,1.65,1,1,1,3.41,8.82,1.59,2.626666667,2.7075,3,2.690833333
241,2020-08-24,2.12,2.6525,3,,2.548461538,3.3275,2.016666667,4.39,1.406666667,1,1,1,3.45,4.39,1.57,2.12,2.6525,2,2.548461538
242,2020-08-31,2.0525,2.843333333,3,3.19,2.385833333,3.75,1.89,4.37,1.413333333,1,1,1,3.35,8.74,1.62,2.0525,2.67,3,2.614
243,2020-09-07,2.665,2.812,3,4.25,2.532727273,3.24,2,4.125,1.63,1,1,1,3.35,8.25,1.44,2.665,2.4525,3,2.675833333
244,2020-09-14,2.173333333,3.102,3,4.75,2.555384615,3.24,1.856666667,4.915,1.585,1,1,1,3.16,9.83,1.51,2.173333333,2.69,2,2.712142857
245,2020-09-21,2.81,2.57375,3,2.38,2.743571429,3.226666667,1.716666667,4.015,1.503333333,3,1,1,9.59,8.03,2.81,3.056666667,2.628,2,2.662777778
246,2020-09-28,2.006666667,2.3725,3,,2.297272727,3.58,1.703333333,4.14,1.253333333,1,1,1,3.68,4.14,1.3,2.006666667,2.3725,2,2.297272727
247,2020-10-05,2.735,2.618,2,3.75,2.534545455,3.005,1.866666667,3.96,1.22,1,1,,3.4,7.92,1.22,2.735,2.335,2,2.635833333
248,2020-10-12,2.37,2.31875,3,2.1425,2.452666667,2.815,1.763333333,3.83,1.246666667,2,1,1,5.89,7.66,2.09,2.53,2.374,2,2.387368421
249,2020-10-19,2.485,2.718,1,4.29,2.730909091,3.4,1.696666667,4.36,1.11,1,,,3.19,8.72,1.11,2.485,2.325,1,2.860833333
250,2020-10-26,2.355,2.386666667,,2.95,2.447,2.902,1.425,4.185,1.105,1,,,3.17,8.37,2.21,2.355,2.105,1,2.530833333
251,2020-11-02,2.6025,2.371666667,3,3.05,2.34,2.9,1.663333333,4.8,1.22,2,1,1,6.97,4.8,1.06,2.17,2.406,3,2.423529412
252,2020-11-09,2.642,2.826666667,1,4.06,2.4425,3.336666667,1.593333333,5.03,1.105,3,,,10.61,10.06,1.06,2.26,2.2375,1,2.766
253,2020-11-16,3.104,2.142857143,2,2.358,2.706153846,3.284285714,2.293333333,3.585,1.226666667,3,,1,10.19,7.17,2.03,3.37,2.155,1,2.609444444
254,2020-11-23,3.183333333,2.403333333,,2.2,2.841111111,3.5025,1.425,4.43,1.03,2,,,8.01,8.86,2.06,3.183333333,2.505,1,2.724545455
255,2020-11-30,2.15,2.522,,4.12,2.298888889,3.003333333,1.44,3.945,1.08,1,,,3.26,7.89,1.08,2.15,2.1225,2,2.481
256,2020-12-07,3.14,2.634,,3.39,2.758571429,3.436666667,1.94,4.305,1.09,2,,,6.81,8.61,1.09,2.9,2.5025,1,2.898888889
257,2020-12-14,2.0675,2.08625,1,2.053333333,2.2875,3.383333333,1.395,3.53,1.3775,1,,1,3.15,7.06,1.99,2.0675,2.106,2,2.240666667
258,2020-12-21,3.03,1.8725,,3.68,2.4675,3.5425,1.47,3.18,0.98,3,,,10.36,3.18,0.98,2.813333333,1.8725,1,2.602222222
259,2020-12-28,2.605,1.95,,,2.2775,3.18,1.745,2.91,1.33,2,,,6.36,2.91,1.33,2.605,1.95,2,2.2775
