reg_date,n_p,manu_p,sale_p,cold_p,"cold,pack,f_p",cold_c,n_manu_p,n_sale_p,n_cold_p,"n_cold,pack,f_p","n_cold,f_p","n_manu_cold,pack,f_p","n_manu_cold,f_p",n_sale_cold_p,"n_sale_cold,f,h_p",chile_sale_cold_p,aus_sale_cold_p,"n_manu_cold,pack,f_p",chile_sale_cold_p,aus_sale_cold_c,sale_cold_p,sale_cold_c,oil_p,month_mean,p_price
2016-07-04,16.48579152,13.23088776,14.97051473,10.55020199,27.13595237,4,13.23088776,18.1132434,12.4153466,27.13595237,15.14313624,0,13.69172393,12.06064161,16.66183107,0,0,0,0,0,9.810252124,3,45.77,14.63846877,14.53560799
2016-07-11,17.13110462,13.73134647,16.29740963,12.34814164,26.99557881,4,13.73134647,18.83098369,13.46602177,26.99557881,15.81119362,0,13.76539206,13.23474266,17.23661812,0,0,0,0,0,11.8984219,3,42.84,14.63846877,15.65589384
2016-07-18,16.98693557,13.50378343,15.63676659,11.36448268,27.15969805,4,13.50378343,18.72851165,13.2756889,27.15969805,15.51494183,0,13.54471255,13.08852351,17.18065393,0,0,0,0,0,10.66502548,3,43.18,14.63846877,15.1035208
2016-07-25,16.42932863,13.40319844,16.14423361,11.36593952,27.00142119,3,13.40319844,17.94239373,12.57311271,27.00142119,15.25978423,0,14.07420261,12.41403115,15.90875674,0,0,0,0,0,10.68281214,2,42.59,14.63846877,15.36108071
2016-08-01,15.5403171,12.80875553,14.6601006,10.8725159,26.86308165,4,12.80875553,16.90609789,11.57692577,26.86308165,14.39668663,0,13.64612051,11.18246099,14.43159616,11.15438596,0,0,1,0,10.50622435,3,38.92,14.40944084,14.19726433
2016-08-08,15.42566252,12.50161583,14.6092176,10.59915448,26.920006,4,12.50161583,16.88768587,11.1460279,26.920006,14.51276631,0,13.7902071,11.07903124,14.31638073,0,0,0,0,0,10.39453113,3,41.62,14.40944084,14.08231716
2016-08-15,15.73743328,12.81030337,15.53716111,10.73024524,26.9453359,3,12.81030337,17.20099824,11.65446155,26.9453359,14.72478789,0,14.12761415,11.81593052,14.7207649,0,0,0,0,0,10.34887157,2,43.27,14.40944084,14.7580589
2016-08-22,15.76867299,12.83592743,14.57242791,10.57583146,27.09641704,4,12.83592743,17.23504578,11.90447075,27.09641704,14.45445807,0,13.64477051,11.78185716,14.79776329,0,0,0,0,0,10.09208049,3,43.81,14.40944084,14.13830279
2016-08-29,15.69545586,12.84282085,17.12177337,11.58927898,26.97594212,2,12.84282085,17.12177337,11.58927898,26.97594212,14.34831003,0,14.09750041,11.59041667,15.32161506,0,0,0,0,0,11.59041667,1,43.74,14.40944084,15.69545586
2016-09-05,15.32475367,12.41241013,16.78092544,10.68969816,27.08348794,2,12.41241013,16.78092544,10.68969816,27.08348794,14.67529586,0,14.36534209,10.91991815,14.13504605,0,0,0,0,0,10.91991815,1,43.17,14.18596372,15.32475367
2016-09-12,11.49347691,10.89696597,12.08998786,10.03264891,0,2,10.89696597,12.08998786,10.03264891,0,12.95430492,0,12.08730399,10.35866987,0,0,0,0,0,0,10.35866987,1,44.89,14.18596372,11.49347691
2016-09-19,14.33569094,11.17671591,13.7010903,9.486757364,26.77820131,4,11.17671591,15.91517846,9.700600736,26.77820131,13.05577935,0,12.77735067,9.825120318,13.72318418,0,0,0,0,0,9.456982768,3,43.01,14.18596372,13.06999671
2016-09-26,14.65823186,11.66244301,14.62322833,9.666520114,26.92152212,3,11.66244301,16.15612629,10.25396193,26.92152212,13.2599726,0,13.05916065,10.24219848,14,0,0,0,0,0,9.366917486,2,43.4,14.18596372,13.77728967
2016-10-03,15.42039833,12.61997721,15.51171615,10.92898393,26.93174128,3,12.61997721,16.8206089,11.25540331,26.93174128,14.1033891,0,13.90689716,11.17774936,14.87306392,0,0,0,0,0,10.72694727,2,48.01,14.18298344,14.68550503
2016-10-10,16.8871829,16.72895539,14.93354216,11.22410824,27.12534819,4,16.72895539,16.96629666,11.58018331,27.12534819,18.1645963,0,21.69050944,11.39296529,14.70819001,0,0,0,0,0,11.04301054,3,49.93,14.18298344,15.38239547
2016-10-17,15.6821405,13.06553549,14.62026644,10.85869543,27.12092372,4,13.06553549,16.99044301,11.83747755,27.12092372,14.23556981,0,14.18755792,11.73144205,14.82582456,0,0,0,0,0,10.49708955,3,49.08,14.18298344,14.2315837
2016-10-24,15.63115902,13.00424667,14.70283907,10.90218403,27.0546634,4,13.00424667,16.94461519,11.58508122,27.0546634,14.08106413,0,14.29807439,11.45974349,15.4,0,0,0,0,0,10.63277239,3,49.19,14.18298344,14.27819097
2016-10-31,15.62001283,12.73365621,14.3004788,10.03967483,27.05292069,4,12.73365621,17.06319113,11.30429553,27.05292069,13.99902938,0,14.17675552,11.31803415,16.06050645,0,0,0,0,0,9.622714143,3,44.92,14.18298344,13.90877315
2016-11-07,15.2001678,12.61713145,15.19631681,10.69611891,24.78933085,3,12.61713145,16.49168597,11.03675827,24.78933085,14.25885416,0,14.28445741,11.12371104,15.8204511,0,0,0,0,0,10.56927561,2,43.04,13.75146674,14.45940671
2016-11-14,15.5237243,12.73412087,14.57856894,10.56597109,27.05101093,4,12.73412087,16.91852602,11.23328739,27.05101093,13.91718,0,14.18135699,11.17969004,15.7904001,0,0,0,0,0,10.32566654,3,42.33,13.75146674,14.11745692
2016-11-21,15.61913628,12.42230668,14.82115278,10.47382404,28.32813607,4,12.42230668,17.21755109,10.91929193,28.32813607,14.1063791,0,13.82505321,10.81902371,15.3353396,0,0,0,0,0,10.29191201,3,44.15,13.75146674,14.22144125
2016-11-28,15.30633157,12.45073022,15.47173433,10.45236273,26.47713777,3,12.45073022,16.73413225,10.46747277,26.47713777,14.66506525,0,14.33102669,10.36451178,15.09577563,0,0,0,0,0,10.39332723,2,44.02,13.75146674,14.6085903
2016-12-05,15.77746042,12.44181976,16.05557796,10.73224512,27.05387367,3,12.44181976,17.44528075,10.84998427,27.05387367,15.18621012,0,14.10530994,10.92163896,15.53850006,0,0,0,0,0,10.7092029,2,51.51,14.65093357,15.02307562
2016-12-12,16.2355736,12.88512696,16.48895864,11.24163625,27.06595645,3,12.88512696,17.91079692,11.46165163,27.06595645,15.52715745,0,14.17909295,11.33214229,16.36986699,0,0,0,0,0,11.0668739,2,52.26,14.65093357,15.45929244
2016-12-19,15.56374685,13.5819162,15.43698903,11.93444331,19.4208906,3,13.5819162,16.55466217,12.41851674,19.4208906,15.94086816,0,14.73769286,12.41089394,17.24282069,0,0,0,0,0,11.68859519,2,51.81,14.65093357,14.90696822
2016-12-26,17.10113336,13.82517269,16.45106787,12.50118107,27.21193093,4,13.82517269,18.73911369,13.1273859,27.21193093,16.10051568,0,14.56720721,13.17163363,16.93906604,0,0,0,0,0,12.30719537,3,51.96,14.65093357,15.79459408
2017-01-01,17.20103183,14.05851267,17.31435905,12.54687753,27.53406248,3,14.05851267,18.77229141,13.0790015,27.53406248,15.93058957,0,14.98310611,13.02408376,17.65294638,0,0,0,0,0,12.25335669,2,52.1,14.955954,16.38411723
2017-01-06,17.13717931,14.05217301,16.3720215,12.09269763,28.06831208,4,14.05217301,18.67968247,12.42869568,28.06831208,16.32632882,0,15.59377411,12.34681945,17.24471481,0,0,0,0,0,11.9534062,3,54.82,14.955954,15.79205938
2017-01-16,16.9245123,14.27734708,16.89379809,11.86249393,28.22608884,3,14.27734708,18.24809492,12.05543551,28.22608884,16.1763388,0,16.33092571,11.88710258,16.85743635,0,0,0,0,0,11.68185668,2,53.72,14.955954,16.14624065
2017-01-23,16.67575272,14.23089369,17.89818224,11.7010159,28.06636358,2,14.23089369,17.89818224,11.7010159,28.06636358,15.86810203,0,16.66021197,11.60045638,16.84991689,0,0,0,0,0,11.60045638,1,53.64,14.955954,16.67575272
2017-01-30,14.96686433,13.45597336,15.72230982,10.91868428,21.36416647,2,13.45597336,15.72230982,10.91868428,21.36416647,15.52965831,0,15.95550957,10.8809314,15.54033436,0,0,0,0,0,10.8809314,1,53.74,14.955954,14.96686433
2017-02-06,14.52445054,13.28680615,15.14327274,10.41574937,19.84837185,2,13.28680615,15.14327274,10.41574937,19.84837185,15.58341633,0,16.16637421,10.42426065,15.3,0,0,0,0,0,10.42426065,1,54.25,14.39166667,14.52445054
2017-02-13,15.94960428,13.05882477,17.39499403,10.18771977,28.17019953,2,13.05882477,17.39499403,10.18771977,28.17019953,15.97219002,0,15.92164848,10.17943849,15.20760655,0,0,0,0,0,10.17943849,1,54.03,14.39166667,15.94960428
2017-02-20,15.73712394,13.00619721,15.86793811,10.28838546,28.1259683,3,13.00619721,17.10258731,9.967907536,28.1259683,15.64411596,0,16.02589659,9.949317235,15.07272837,0,0,0,0,0,10.43932928,2,54.22,14.39166667,15.05029785
2017-02-27,15.44770409,12.82440612,15.69563787,10.22757635,28.11845081,3,12.82440612,16.75935307,9.620975982,28.11845081,15.33423553,0,16.01321503,9.606354756,14.65735068,0,0,0,0,0,10.52356592,2,54.43,14.39166667,14.87528594
2017-03-06,15.19682155,12.63885479,14.48076278,9.820686629,28.18054745,4,12.63885479,16.47580492,9.150694753,28.18054745,15.34974789,0,16.00385337,9.027533296,13.99949655,0,0,0,0,0,10.00296344,3,54.32,14.78056406,14.02028579
2017-03-13,15.25624145,12.41632204,15.54096092,9.748010487,28.44149947,3,12.41632204,16.67620115,9.122015731,28.44149947,15.25392382,0,15.71323479,9.124622179,14.34407013,0,0,0,0,0,10.06231109,2,51.35,14.78056406,14.64820696
2017-03-20,15.02573555,12.69616559,16.19052052,9.483891577,25.921013,2,12.69616559,16.19052052,9.483891577,25.921013,15.29325244,0,15.8575266,9.432978569,14.67911226,0,0,0,0,0,9.432978569,1,51.32,14.78056406,15.02573555
2017-03-27,15.40224135,12.94375835,15.29353362,9.647772922,28.22057004,3,12.94375835,16.63148285,9.500791036,28.22057004,15.19564799,0,16.34055622,9.454621585,14.8,0,0,0,0,0,9.69817914,2,51.01,14.78056406,14.62216926
2017-04-03,15.25948644,12.72554042,16.52645945,9.435725153,28.25219323,2,12.72554042,16.52645945,9.435725153,28.25219323,14.87512508,0,16.00906127,9.429430738,14.68302495,0,0,0,0,0,9.429430738,1,51.35,14.86277705,15.25948644
2017-04-10,15.31276439,12.78694427,16.57567445,9.553214694,28.31133904,2,12.78694427,16.57567445,9.553214694,28.31133904,14.89848134,0,15.99328347,9.525824324,14.66185522,0,0,0,0,0,9.525824324,1,53.83,14.86277705,15.31276439
2017-04-17,15.71807434,15.86596107,15.68110265,9.668584117,24.34177713,1,15.86596107,15.68110265,9.668584117,24.34177713,14.87291119,0,15.86596107,9.668584117,14.83418806,0,0,0,0,0,9.668584117,1,53.43,14.86277705,15.71807434
2017-04-24,16.53840569,16.2008193,15.26752162,9.742072165,28.13627658,2,16.2008193,16.62280228,9.637745349,28.13627658,15.05868492,0,16.2008193,9.637745349,14.80063668,0,0,0,0,0,9.742072165,2,52.31,14.86277705,15.42307124
2017-05-01,15.4231084,12.96060677,16.65435922,9.340602192,28.59471366,2,12.96060677,16.65435922,9.340602192,28.59471366,15.03788909,0,16.72727272,9.487263562,15.18695418,0,0,0,0,0,9.487263562,1,50.69,14.71583875,15.4231084
2017-05-08,15.67994947,12.97951205,15.66793845,10.16280024,28.4303932,3,12.97951205,17.03016818,10.13469058,28.4303932,14.7460607,0,16.00577272,10.31612977,15.88780106,0,0,0,0,0,10.26757467,2,48.54,14.71583875,14.89981662
2017-05-15,15.45848844,13.35038533,15.33306102,10.76413675,28.36525098,3,13.35038533,16.51254,10.83863256,28.36525098,13.06030852,0,15.98171343,10.95820788,16.58779752,0,0,0,0,0,10.78667651,2,50.04,14.71583875,14.76658226
2017-05-22,15.93880371,13.67111173,15.75735959,10.99707068,28.01519277,3,13.67111173,17.07264971,11.24750647,28.01519277,13.92149532,0,16.31765737,11.47044685,17.27962595,0,0,0,0,0,10.98332298,2,50.93,14.71583875,15.16128877
2017-05-29,16.1659512,13.32440072,16.32624214,10.97631114,28.25853465,3,13.32440072,17.58672643,10.82231423,28.25853465,14.82623882,0,16.07371756,11.06954458,17.44006642,0,0,0,0,0,11.17692476,2,50.59,14.71583875,15.46857316
2017-06-05,16.05232204,13.16588088,16.05660757,10.39771087,29.06647193,3,13.16588088,17.49554263,10.44613262,29.06647193,14.81213601,0,15.92427367,10.48477714,16.73092309,0,0,0,0,0,10.39282226,2,48.25,14.82230442,15.23068566
2017-06-12,16.24755679,13.4055916,16.27865039,10.63980462,29.56763185,3,13.4055916,17.66853939,10.60015972,29.56763185,15.02073672,0,16.34147237,10.7306086,16.67591603,0,0,0,0,0,10.72485152,2,47.48,14.82230442,15.45777645
2017-06-19,16.09936651,13.29204026,16.63804303,11.4137739,29.19522568,3,13.29204026,17.50302963,10.53161253,29.19522568,14.89756884,0,16.12786571,10.60701025,16.5426106,0,0,0,0,0,11.89255345,2,46.55,14.82230442,15.68204224
2017-06-26,17.46416305,15.95725758,16.29116529,11.08263132,29.05609455,2,15.95725758,17.84088941,12.07299384,29.05609455,14.79586342,0,15.95725758,12.07299384,16.6,0,0,0,0,0,11.08263132,2,46.25,14.82230442,16.23551401
2017-07-03,16.80155378,13.42076867,16.50453415,10.01976457,32.80602554,3,13.42076867,18.49194633,10.75220415,32.80602554,14.99064571,0,16.37271717,11.03558814,16.51759741,0,0,0,0,0,9.795236772,2,48.54,14.63846877,15.62345829
2017-07-10,16.10214548,13.27088597,14.84829477,10.03718279,29.54859871,4,13.27088597,17.51777523,10.56503173,29.54859871,14.80023759,0,16.01737558,10.60566709,16.33373551,0,0,0,0,0,9.874778258,3,46.03,14.63846877,14.45394257
2017-07-17,16.19636032,13.44691216,15.12478983,10.53102434,29.34190722,4,13.44691216,17.57108439,10.82984796,29.34190722,14.96616815,0,15.99328347,10.75915508,16.24422244,0,0,0,0,0,10.40785217,3,46.98,14.63846877,14.70532041
2017-07-24,16.14079041,13.64862305,15.96723659,10.81610819,29.69538718,3,13.64862305,17.38687409,11.07981898,29.69538718,14.3639511,0,16.12484726,10.98723913,16.26181512,0,0,0,0,0,10.63796287,2,47.11,14.63846877,15.30477558
2017-07-31,15.96152114,13.33252273,14.79896785,10.41001334,29.35988075,4,13.33252273,17.27602035,10.97516383,29.35988075,14.27302816,0,15.81120191,11.0964841,15.91286213,0,0,0,0,0,10.26206993,3,47.57,14.63846877,14.43235657
2017-08-07,15.91762847,13.36392627,17.19447956,10.8070016,29.80138562,2,13.36392627,17.19447956,10.8070016,29.80138562,14.29519099,0,16.10889787,10.99504852,15.5,0,0,0,0,0,10.99504852,1,51,14.40944084,15.91762847
2017-08-14,15.921984,13.09895586,14.90833506,10.2915389,30.14151086,4,13.09895586,17.33349808,10.52506877,30.14151086,14.59049527,0,15.80770451,10.65993033,15.15926509,0,0,0,0,0,10.25864946,3,49.85,14.40944084,14.45599026
2017-08-21,15.54923092,12.68701433,15.50580412,9.935656579,29.47551376,3,12.68701433,16.98033922,10.09965301,29.47551376,14.46028288,0,15.51849318,10.34377054,14.7,0,0,0,0,0,9.975717126,2,50.09,14.40944084,14.70043561
2017-08-28,16.04459787,13.57550034,15.68919966,10.0914584,30.32574613,3,13.57550034,17.27914663,10.47248172,30.32574613,15.14843882,0,16.69509135,10.48905409,14.7,0,0,0,0,0,9.909232928,2,50.24,14.40944084,15.08528557
2017-09-04,15.73533258,13.30856457,15.36249055,10.33717032,29.05227273,3,13.30856457,16.94871658,10.99696228,29.05227273,14.31381639,0,15.34281752,10.71961293,14.73816539,0,0,0,0,0,9.868599673,2,51.49,14.18596372,14.77565455
2017-09-11,15.86693788,13.64875372,16.97602996,11.03870933,30.17314488,2,13.64875372,16.97602996,11.03870933,30.17314488,14.72303948,0,15.93786572,10.71777695,13.50498476,0,0,0,0,0,10.71777695,1,52.35,14.18596372,15.86693788
2017-09-18,15.64575149,13.08812694,15.52938637,10.08296885,29.7327888,3,13.08812694,16.92456376,10.15011486,29.7327888,14.6707452,0,16.16309257,10.2870684,14.5,0,0,0,0,0,10.11787261,2,53.25,14.18596372,14.83188368
2017-09-25,15.7667921,12.86191648,15.92996202,10.48417192,30.55732802,3,12.86191648,17.21922991,10.33981264,30.55732802,14.29611669,0,15.52054914,10.47634145,14.77156593,0,0,0,0,0,10.62461597,2,53.92,14.18596372,15.05337758
2017-10-02,13.48987492,15.4351422,12.51724128,10.4696055,0,1,15.4351422,12.51724128,10.4696055,0,15.00000963,0,15.4351422,10.4696055,0,0,0,0,0,0,10.4696055,1,54.72,14.18298344,13.48987492
2017-10-09,15.56006545,12.73711949,16.97153843,9.667865129,29.2934947,2,12.73711949,16.97153843,9.667865129,29.2934947,15.07685356,0,15.83696291,9.698454189,14.57746063,0,0,0,0,0,9.698454189,1,54.1,14.18298344,15.56006545
2017-10-16,15.625174,12.3591167,17.25820265,9.503982981,30.68713204,2,12.3591167,17.25820265,9.503982981,30.68713204,14.6852558,0,15.32444217,9.614174734,14.68543442,0,0,0,0,0,9.614174734,1,55.34,14.18298344,15.625174
2017-10-23,15.40807626,12.64831414,15.25041436,9.503656263,28.53571429,3,12.64831414,16.78795732,9.705363134,28.53571429,14.91265994,0,15.60561275,9.71971073,14.67669714,0,0,0,0,0,9.409976626,2,55.14,14.18298344,14.50695716
2017-10-30,14.9085428,11.96331287,16.38115776,8.947105835,28.24456522,2,11.96331287,16.38115776,8.947105835,28.24456522,14.5145051,0,14.99877978,8.966365701,14.2834697,0,0,0,0,0,8.966365701,1,55.54,14.18298344,14.9085428
2017-11-06,14.5935669,11.62006402,16.08031834,8.225114662,29.22195986,2,11.62006402,16.08031834,8.225114662,29.22195986,14.38832971,0,14.94284296,8.152944248,13.11255281,0,0,0,0,0,8.152944248,1,61.83,13.75146674,14.5935669
2017-11-13,14.30385215,11.32005255,14.34864027,8.385728266,29.61354582,3,11.32005255,15.79575195,8.298495605,29.61354582,12.97408681,0,14.46321399,8.420100106,13.66440223,0,0,0,0,0,8.490146847,2,61.18,13.75146674,13.4833295
2017-11-20,14.28172573,11.98172585,15.43172567,8.470118584,29.63865546,2,11.98172585,15.43172567,8.470118584,29.63865546,13.30129677,0,15.3589048,8.335690275,12.50886819,0,0,0,0,0,8.335690275,1,60.55,13.75146674,14.28172573
2017-11-27,14.24334414,11.77144952,14.06577906,7.869816456,29.35416667,3,11.77144952,15.47929145,7.598859932,29.35416667,14.89615991,0,15.97649329,7.631314109,11.11585848,0,0,0,0,0,8.021521806,2,60.88,13.75146674,13.41025633
2017-12-04,14.30900572,11.54953772,15.68873973,8.123678414,29.37599094,2,11.54953772,15.68873973,8.123678414,29.37599094,14.42848235,0,14.93854843,8.086829819,11.37372189,0,0,0,0,0,8.086829819,1,60.02,14.65093357,14.30900572
2017-12-11,15.15469233,11.90963816,16.77721942,8.493557709,33.61023143,2,11.90963816,16.77721942,8.493557709,33.61023143,14.39042748,0,15.3210891,8.488928199,11.54995219,0,0,0,0,0,8.488928199,1,61.62,14.65093357,15.15469233
2017-12-18,14.56589268,11.60574109,16.04596848,8.609514553,29.31265109,2,11.60574109,16.04596848,8.609514553,29.31265109,14.49512046,0,14.73742622,8.744973144,11.87343497,0,0,0,0,0,8.744973144,1,60.8,14.65093357,14.56589268
2017-12-25,14.58596645,11.85661019,15.95064459,9.121264874,28.26627219,2,11.85661019,15.95064459,9.121264874,28.26627219,14.35349839,0,14.61300059,9.142309968,12.3,0,0,0,0,0,9.142309968,1,61.15,14.65093357,14.58596645
2018-01-01,12.17034044,12.62185025,11.71883064,9.516577934,0,2,12.62185025,11.71883064,9.516577934,0,14.82410296,0,15.62396324,9.413418608,0,0,0,0,0,0,9.413418608,1,61.6,14.955954,12.17034044
2018-01-08,15.10258024,12.79556604,16.25608735,9.700618899,28.27439024,2,12.79556604,16.25608735,9.700618899,28.27439024,14.78922255,0,16.03530946,9.845415184,13.36140832,0,0,0,0,0,9.845415184,1,65.09,14.955954,15.10258024
2018-01-15,14.71412902,12.53149365,15.8054467,9.411329803,29.23121387,2,12.53149365,15.8054467,9.411329803,29.23121387,13.40120654,0,15.82657331,9.586245608,13.42848756,0,0,0,0,0,9.586245608,1,66.36,14.955954,14.71412902
2018-01-22,14.76195457,12.74917108,14.60453825,9.713802549,28.33834586,3,12.74917108,15.76834632,9.596050836,28.33834586,13.81061271,0,15.8914537,9.585213212,13.42005448,0,0,0,0,0,9.767259594,2,65.97,14.955954,14.07443334
2018-01-29,15.16336147,12.57305752,16.45851345,9.874261761,28.32374101,2,12.57305752,16.45851345,9.874261761,28.32374101,14.45395214,0,15.27764377,9.880052254,14,0,0,0,0,0,9.880052254,1,66.23,14.955954,15.16336147
2018-02-05,15.15657713,12.493517,16.4881072,9.810923146,28.31468531,2,12.493517,16.4881072,9.810923146,28.31468531,14.47799223,0,15.27118006,9.905992344,14.04694675,0,0,0,0,0,9.905992344,1,64.99,14.39166667,15.15657713
2018-02-12,14.63776793,12.10238669,15.90545855,9.662605525,28.31615925,2,12.10238669,15.90545855,9.662605525,28.31615925,13.09525559,0,14.76263435,9.883072021,13.99472611,0,0,0,0,0,9.883072021,1,61.16,14.39166667,14.63776793
2018-02-19,15.33246207,12.73739662,15.30944073,10.24934106,28.31468531,3,12.73739662,16.6299948,10.36039937,28.31468531,14.23738268,0,14.88766994,10.13367544,14.48452305,0,0,0,0,0,10.08044994,2,62.28,14.39166667,14.57457098
2018-02-26,15.62152299,12.99264739,15.60900219,10.57033742,28.24590164,3,12.99264739,16.93596079,10.70492224,28.24590164,14.60461591,0,15.33454323,10.75909292,14.86416003,0,0,0,0,0,10.53013036,2,62.75,14.39166667,14.86147225
2018-03-05,15.96304713,13.65711991,15.77655631,11.0423946,28.27607362,3,13.65711991,17.11601075,11.35422263,28.27607362,14.96550325,0,15.84459121,11.23879666,14.86275743,0,0,0,0,0,10.82876761,2,61.94,14.78056406,15.17100305
2018-03-12,16.3822804,13.76367789,16.32713727,11.25995208,29.75843694,3,13.76367789,17.69158166,11.45524828,29.75843694,15.07963175,0,15.99176057,11.37490135,15.46548543,0,0,0,0,0,11.12213052,2,61.32,14.78056406,15.5947203
2018-03-19,16.2528743,13.50729484,17.62566403,11.12354459,29.08819346,2,13.50729484,17.62566403,11.12354459,29.08819346,14.99098158,0,15.86186321,11.09436272,16.2,0,0,0,0,0,11.09436272,1,61.86,14.78056406,16.2528743
2018-03-26,16.54067799,13.48325453,18.06938973,11.27519771,29.57989766,2,13.48325453,18.06938973,11.27519771,29.57989766,15.02559496,0,15.91732432,11.50121069,17.06258495,0,0,0,0,0,11.50121069,1,62.77,14.78056406,16.54067799
2018-04-02,17.1698244,14.39031181,17.03693784,11.48036829,29.61538462,3,14.39031181,18.5595807,11.74736924,29.61538462,16.03933716,0,16.2599647,10.97407957,17.830149,0,0,0,0,0,10.96022298,2,64.62,14.86277705,16.28075897
2018-04-09,16.88772175,13.95396514,16.87962428,11.59933919,28.88452088,3,13.95396514,18.35460006,11.90914821,28.88452088,15.8892079,0,16.0368718,11.94723794,16.84509743,0,0,0,0,0,11.46347956,2,65.83,14.86277705,16.04372167
2018-04-16,16.64435778,13.81077911,16.77811938,11.57550684,28.77142857,3,13.81077911,18.06114712,11.54025606,28.77142857,15.84931845,0,16.00513824,11.46409214,16.31556911,0,0,0,0,0,11.55505027,2,67.25,14.86277705,15.93030787
2018-04-23,16.2504006,13.60614096,16.23358709,11.1675038,27.28353141,3,13.60614096,17.57253042,11.31234882,27.28353141,15.79708727,0,15.86279903,11.27521476,16,0,0,0,0,0,11.07651427,2,68.41,14.86277705,15.4828882
2018-04-30,16.6659447,13.72358526,16.68293238,11.35396537,29.04651163,3,13.72358526,18.13712443,11.59786596,29.04651163,15.75908385,0,15.78999146,11.53855286,16.23525698,0,0,0,0,0,11.20235853,2,68.27,14.86277705,15.83740463
2018-05-07,17.01165662,14.29499437,16.87960893,11.86805906,27.98398577,3,14.29499437,18.36998775,12.34304177,27.98398577,16.18225225,0,16.26172635,12.35782115,17.03536592,0,0,0,0,0,11.6379574,2,72.83,14.71583875,16.14114762
2018-05-14,16.77145699,14.4457129,16.51333135,12.05285182,29.00371747,3,14.4457129,17.93432903,12.66460743,29.00371747,14.2979048,0,16.23028083,12.66806989,17.7,0,0,0,0,0,11.74870525,2,74.02,14.71583875,15.92258322
2018-05-21,17.30001315,14.30730131,17.47433541,12.42943435,29,3,14.30730131,18.79636907,12.55105113,29,15.97676609,0,16.1918522,12.67935183,17.74444444,0,0,0,0,0,12.43277632,2,74.79,14.71583875,16.56946853
2018-05-28,17.01502167,14.1895161,16.8596085,11.75128251,28.93360996,3,14.1895161,18.42777445,12.33345142,28.93360996,15.54002672,0,15.85319647,12.14106712,17.40956377,0,0,0,0,0,11.36400591,2,74.45,14.71583875,16.09672496
2018-06-04,16.19134341,13.334039,16.38639444,11.21243377,28.80838323,3,13.334039,17.61999561,11.09265578,28.80838323,15.19088146,0,15.39528269,10.91251626,15.77260274,0,0,0,0,0,11.18225301,2,73.15,14.82230442,15.51429289
2018-06-11,14.9363471,13.0899124,14.85782273,9.082396427,27.71655041,3,13.0899124,15.85956445,8.198166711,27.71655041,15.12571345,0,15.50927951,5.725788131,15.25377186,0,0,0,0,0,8.288321995,2,74.37,14.82230442,14.35270549
2018-06-18,15.95969497,13.13030333,16.10665275,10.90697662,28.75471698,3,13.13030333,17.37439079,10.84261465,28.75471698,15.03095115,0,15.34301827,10.7676409,15.25632125,0,0,0,0,0,10.90167074,2,73.49,14.82230442,15.2562672
2018-06-25,15.63911624,12.72737431,15.76678276,10.3093383,28.85414585,3,12.72737431,17.09498721,10.23702498,28.85414585,14.81967013,0,15.29127004,10.31057138,14.86716139,0,0,0,0,0,10.38226817,2,73.15,14.82230442,14.89838035
2018-07-02,15.35060804,12.61064838,15.49344447,10.20200212,28.71713147,3,12.61064838,16.72058787,10.01056775,28.71713147,14.38269062,0,15.15670746,9.956546217,14.6,0,0,0,0,0,10.27070853,2,74.33,14.63846877,14.66978844
2018-07-09,16.41513438,12.47015173,16.80865391,10.0396945,35.87971458,3,12.47015173,18.38762571,9.813158382,35.87971458,14.23741404,0,15.04645891,9.732472223,14.50994685,0,0,0,0,0,10.11261949,2,75.08,14.63846877,15.56908186
2018-07-16,15.07183452,12.17733783,15.32062608,9.880975588,28.75628415,3,12.17733783,16.51908286,9.558063898,28.75628415,14.00739624,0,14.82947291,9.590925046,14.54380267,0,0,0,0,0,10.05886201,2,72.01,14.63846877,14.42254373
2018-07-23,15.02841123,11.95350231,16.94386821,9.82364624,26.91066283,3,11.95350231,16.56586569,9.53559609,28.82132565,13.81421309,0,14.49973988,9.663927437,14.64952336,0,0,0,0,0,10.03183699,2,72.67,14.63846877,15.69627674
2018-07-30,15.25550648,12.57320809,15.37350415,10.09307761,29.05932203,3,12.57320809,16.59665567,9.899167395,29.05932203,14.19720687,0,15.25209412,9.904012727,14.28096832,0,0,0,0,0,10.19245539,2,73.15,14.63846877,14.57341956
2018-08-06,15.36708241,12.38116173,16.86004275,9.98297131,28.92783505,2,12.38116173,16.86004275,9.98297131,28.92783505,14.2488499,0,14.9331653,10.13678446,14.81101701,0,0,0,0,0,10.13678446,1,72.35,14.40944084,15.36708241
2018-08-13,15.38055656,12.5107044,17.15435239,10.3286488,27.05748929,3,12.5107044,16.81548265,10.16088132,29.11497857,14.21520032,0,14.65621995,9.956573807,14.41619752,0,0,0,0,0,10.31037877,2,71.52,14.40944084,15.99344039
2018-08-20,15.27725845,14.28592083,15.52509285,5.447524358,28.87221823,1,14.28592083,15.52509285,5.447524358,28.87221823,13.92863732,0,14.28592083,5.447524358,14.20927502,0,0,0,0,0,5.447524358,1,71.18,14.40944084,15.27725845
2018-08-27,15.24869511,11.96517583,15.59971384,10.00631779,28.91836735,3,11.96517583,16.89045475,9.791101586,28.91836735,14.11560457,0,14.3970904,10.04894191,14.76039098,0,0,0,0,0,10.24284605,2,72.45,14.40944084,14.56127441
2018-09-03,15.92545799,13.17772839,15.93657293,10.67377408,28.90952839,3,13.17772839,17.2993228,10.7678744,28.90952839,14.9052302,0,15.69096137,10.8712534,15.29701037,0,0,0,0,0,10.67841342,2,72.49,14.18596372,15.14833163
2018-09-10,15.94953628,13.01096513,16.1015662,11.02839229,28.87852495,3,13.01096513,17.41882185,11.12631663,28.87852495,14.53380712,0,15.09932582,11.33002882,15.4984452,0,0,0,0,0,11.08128622,2,75.56,14.18596372,15.21853732
2018-09-17,15.82304277,13.14238558,15.96908922,10.92734119,28.91836735,3,13.14238558,17.16337137,10.79503147,28.91836735,14.44637872,0,15.15005939,10.45535117,15.53706889,0,0,0,0,0,10.8236559,2,76.06,14.18596372,15.16145961
2018-09-24,16.11776956,13.3133594,17.51997464,11.20078887,29.02272727,2,13.3133594,17.51997464,11.20078887,29.02272727,14.82198148,0,15.60405378,11.37891271,15.63834941,0,0,0,0,0,11.37891271,1,77.02,14.18596372,16.11776956
2018-10-01,15.78288799,11.50273269,16.13422555,10.39760019,28.88753536,4,12.38881385,17.47992506,10.55420142,28.88753536,14.57151144,0,14.90458353,11.23535867,15.55836686,0,0,0,0,0,10.9933931,2,82.82,14.18298344,14.39741573
2018-10-08,15.87107915,12.77626955,16.05193582,10.72753294,28.98214286,3,12.77626955,17.41848396,10.79842777,28.98214286,14.6789398,0,15.05359702,11.09791346,15.28959694,0,0,0,0,0,10.84182837,2,82.58,14.18298344,15.11603117
2018-10-15,15.65109915,11.59414587,15.05952773,10.49826938,27.81481481,5,12.52799836,17.21264954,10.6291689,27.81481481,14.71140773,0,14.89703397,11.09937504,15.41062683,0,0,0,0,0,10.86864775,3,80.39,14.18298344,13.90440045
2018-10-22,15.74776156,11.51734803,17.41592506,10.06092038,28.97649186,3,12.41143456,17.41592506,10.22679308,28.97649186,14.8013659,0,15.2042292,10.83494624,15.45375952,0,0,0,0,0,10.83494624,1,80.19,14.18298344,14.88796347
2018-10-29,15.77923971,11.77219782,17.28971162,10.09616186,29.00997506,3,12.75829588,17.28971162,10.24424194,29.00997506,14.95939613,0,15.52837973,10.50027186,15.25818702,0,0,0,0,0,10.50027186,1,79.41,14.18298344,14.92506285
2018-11-05,15.53547891,12.17904208,17.21369733,9.967854786,29.30872483,2,12.17904208,17.21369733,9.967854786,29.30872483,14.4500793,0,14.80284663,10.38047205,15.06828047,0,0,0,0,0,10.38047205,1,71.88,13.75146674,15.53547891
2018-11-12,15.47704673,11.27353948,17.15201822,9.837323291,29.12099644,3,12.12710375,17.15201822,9.972779464,29.12099644,14.21469647,0,14.56278034,10.25413177,15.36633207,0,0,0,0,0,10.25413177,1,69.81,13.75146674,14.63267019
2018-11-19,14.89313579,11.06169748,15.34561222,9.882319268,29.12403101,4,11.64254653,16.51843042,9.487469124,29.12403101,13.13568487,0,14.15155832,9.841403516,14.98847572,0,0,0,0,0,10.24787148,2,67.68,13.75146674,13.73914419
2018-11-26,14.7224404,10.76915229,15.00527988,9.350100039,29.20535714,4,11.26145917,16.45293102,9.200593145,29.20535714,13.0086638,0,13.72457272,9.602840676,14.71077137,0,0,0,0,0,9.408758005,2,65.63,13.75146674,13.41673203
2018-12-03,15.29483139,11.24837936,16.9440522,9.574839832,29.22241087,3,11.99638978,16.9440522,9.486080493,29.22241087,14.40961652,0,14.81229397,9.791675398,14.75518346,0,0,0,0,0,9.791675398,1,60.52,14.65093357,14.50304955
2018-12-10,15.53057653,11.49209839,17.11477678,9.791166807,29.29773967,3,12.36217603,17.11477678,9.810778654,29.29773967,14.6753014,0,14.99237367,9.889578917,14.9135594,0,0,0,0,0,9.889578917,1,59.01,14.65093357,14.70505747
2018-12-17,15.16676145,11.33381597,18.31232298,9.55384156,26.43719677,3,12.21947691,16.64040373,9.549515293,27.87439353,14.33993629,0,15.03017991,9.690256677,15.34727203,0,0,0,0,0,9.690256677,1,59.14,14.65093357,15.69538285
2018-12-24,15.52309241,11.46745655,15.58769358,9.682506213,28.35809019,4,12.44880723,17.06023501,9.76387089,28.35809019,14.65714841,0,15.1822598,9.812387128,15.9384257,0,0,0,0,0,9.7549575,2,56.93,14.65093357,14.04260469
2018-12-31,15.58809108,12.17986727,17.29220299,10.27611594,28.32374101,2,12.17986727,17.29220299,10.27611594,28.32374101,14.39236897,0,14.54317204,10.73566939,15.86783564,0,0,0,0,0,10.73566939,1,57.32,14.65093357,15.58809108
2019-01-07,15.97288061,11.71433386,17.52829116,10.13230084,29.31217839,3,12.8620595,17.52829116,10.48900997,29.31217839,14.85368618,0,15.2079013,10.46180224,15.83971295,0,0,0,0,0,10.46180224,1,55.62,14.955954,15.03659517
2019-01-14,15.58726246,12.60127613,17.08025563,10.15655116,27.86316081,2,12.60127613,17.08025563,10.15655116,27.86316081,14.83533333,0,15.1139218,10.22447187,15.67664498,0,0,0,0,0,10.22447187,1,57.64,14.955954,15.58726246
2019-01-21,15.7127047,12.65692182,17.24059614,9.832012423,29.09962406,2,12.65692182,17.24059614,9.832012423,29.09962406,15.04943424,0,15.65538159,10.00556279,15.41371082,0,0,0,0,0,10.00556279,1,59.52,14.955954,15.7127047
2019-01-28,15.1137547,11.99844105,15.21168409,9.283405442,29.20535714,3,11.99844105,16.67141153,9.238721006,29.20535714,14.49913384,0,15.02532541,9.50588533,14.00146138,0,0,0,0,0,9.439329823,2,58.92,14.955954,14.29361465
2019-02-04,15.29376497,12.3674574,16.75691875,9.159773217,29.05809129,2,12.3674574,16.75691875,9.159773217,29.05809129,14.62404564,0,15.56199958,9.146631216,15.13686081,0,0,0,0,0,9.146631216,1,62.55,14.39166667,15.29376497
2019-02-11,15.07011318,11.95030804,15.32246397,9.371147146,29.15384615,3,11.95030804,16.63001575,9.010592294,29.15384615,14.38176664,0,14.93197604,9.052544551,14.48211506,0,0,0,0,0,9.572400701,2,61.65,14.39166667,14.35899085
2019-02-18,15.08496743,11.8584037,15.21090202,9.245909698,29.19771863,3,11.8584037,16.6982493,9.238108092,29.19771863,13.97067921,0,14.29065179,9.050060582,14.89451137,0,0,0,0,0,9.155786746,2,64.68,14.39166667,14.25304536
2019-02-25,15.436205,12.17490718,15.76394736,9.87854718,29.45748988,3,12.17490718,17.0668539,9.541660175,29.45748988,14.38542243,0,14.74078787,9.474293867,15.30557488,0,0,0,0,0,10.01330753,2,64.5,14.39166667,14.73850731
2019-03-04,16.16805904,12.97104574,16.3590257,10.59228918,29.65439519,3,12.97104574,17.76656569,10.52400088,29.65439519,15.09086648,0,15.38282837,10.48873865,16.12422431,0,0,0,0,0,10.60880222,2,65.61,14.78056406,15.39103143
2019-03-11,16.63069471,13.50772814,18.19217799,11.10476797,29.96393211,2,13.50772814,18.19217799,11.10476797,29.96393211,15.4729332,0,15.85005706,11.04413672,16.66483382,0,0,0,0,0,11.04413672,1,66.59,14.78056406,16.63069471
2019-03-18,16.46432972,13.24453637,16.68067239,11.03987203,29.96017699,3,13.24453637,18.07422639,11.00657986,29.96017699,15.19618875,0,15.46499769,10.98908466,16.4202641,0,0,0,0,0,11.04777053,2,67.02,14.78056406,15.69891924
2019-03-25,16.38919783,13.32738771,16.50693202,10.85974806,30.45845697,3,13.32738771,17.92010289,10.86249782,30.45845697,15.11110528,0,15.37555239,10.4457726,15.92952381,0,0,0,0,0,10.65001058,2,66.89,14.78056406,15.59849079
2019-04-01,16.27652478,12.71399016,16.39495292,10.20546924,30.50527072,3,12.71399016,18.05779209,10.43640574,30.50527072,14.91561123,0,14.97324668,10.41807783,16.44984405,0,0,0,0,0,10.08083704,2,68.46,14.86277705,15.34324928
2019-04-08,16.53359063,13.01208033,16.70411558,10.4116877,30.93230431,3,13.01208033,18.29434579,10.44593418,30.93230431,15.24225246,0,15.5186628,10.38637052,16.8928662,0,0,0,0,0,10.36478263,2,70.09,14.86277705,15.64924836
2019-04-15,16.66257847,12.94732936,16.83130696,10.482837,30.39759036,3,12.94732936,18.52020303,10.68639416,30.39759036,15.3747317,0,15.23736405,10.71549366,17.45562873,0,0,0,0,0,10.39560818,2,69.83,14.86277705,15.72159907
2019-04-22,16.96107718,13.34664138,17.09339193,11.18805506,30.40589862,3,13.34664138,18.76829508,11.58519293,30.40589862,15.07478602,0,15.03768509,11.51478819,18.04060656,0,0,0,0,0,10.95428376,2,71.02,14.86277705,16.02289177
2019-04-29,16.31239622,13.34786425,16.35350419,10.98425486,30.36450168,3,13.34786425,17.79466221,11.18194624,30.36450168,14.96887203,0,15.4314442,11.09960818,15.20823913,0,0,0,0,0,10.84424015,2,70.93,14.86277705,15.49474992
2019-05-06,16.21356355,12.81043494,16.39743452,10.54579067,30.4127292,3,12.81043494,17.91512786,10.65535541,30.4127292,14.515576,0,14.96015421,10.64999517,16.52678929,0,0,0,0,0,10.48832817,2,70.56,14.71583875,15.3725775
2019-05-13,16.20116323,12.85670242,16.36783425,10.63617076,30.36672551,3,12.85670242,17.87339364,10.78145781,30.36672551,14.55918997,0,15.10899108,10.95850186,16.15895834,0,0,0,0,0,10.65204927,2,69.64,14.71583875,15.36465372
2019-05-20,16.12513125,12.63034174,16.40853916,10.44412392,30.47428139,3,12.63034174,17.87252601,10.38989,30.47428139,14.62803224,0,15.21189236,10.73098886,16.24066166,0,0,0,0,0,10.64179031,2,70.91,14.71583875,15.32905418
2019-05-27,15.90475765,12.34174502,17.68626396,9.77910993,30.375,2,12.34174502,17.68626396,9.77910993,30.375,14.56671416,0,15.11227656,9.987006377,16.36189773,0,0,0,0,0,9.987006377,1,69.43,14.71583875,15.90475765
2019-06-03,15.87406127,12.63061322,16.01990343,9.945997571,30.29075738,3,12.63061322,17.49578529,9.860808346,30.29075738,14.47650021,0,15.54491619,10.00530644,16.2789931,0,0,0,0,0,10.06084123,2,60.4,14.82230442,15.0515348
2019-06-10,16.13827112,12.57679424,16.35909474,10.08865197,29.96618708,3,12.57679424,17.91900955,10.0732602,29.96618708,14.7870552,0,15.49374614,10.48667806,17.14280881,0,0,0,0,0,10.30305678,2,60.59,14.82230442,15.27843746
2019-06-17,16.19423072,12.72417306,16.49787192,10.51577469,30.12952646,3,12.72417306,17.92925954,10.38750131,30.12952646,14.58476146,0,15.20150643,10.52816292,17.0913323,0,0,0,0,0,10.65024219,2,59.94,14.82230442,15.41967225
2019-06-24,15.96881096,12.54534008,16.12104549,9.833480473,30.15970772,3,12.54534008,17.6805464,9.808699781,30.15970772,14.69614091,0,15.34652736,9.873246762,16.64347664,0,0,0,0,0,9.87814431,2,61.64,14.82230442,15.09941537
2019-07-01,15.53888223,12.55397845,15.62564748,9.72096512,30.27060134,3,12.55397845,17.03133412,9.579997226,30.27060134,14.37663235,0,15.55801475,9.610052309,15.04943288,0,0,0,0,0,9.806476609,2,63.19,14.63846877,14.74802775
2019-07-08,15.55976688,12.49673351,15.63289189,9.964132052,30.2192691,3,12.49673351,17.09128356,10.04653548,30.2192691,13.83124304,0,14.91230201,10.01190595,15.38377514,0,0,0,0,0,9.905615574,2,62.61,14.63846877,14.73684664
2019-07-15,15.77509282,12.67906591,15.80665979,9.922542322,30.12317728,3,12.67906591,17.32310627,10.01337655,30.12317728,14.02927108,0,15.40101222,10.0696335,16.44208436,0,0,0,0,0,9.905253687,2,64.31,14.63846877,14.91306154
2019-07-22,15.37739674,12.15352333,15.4785869,9.490373864,30.05172414,3,12.15352333,16.98933345,9.51776044,30.05172414,13.74460938,0,14.90007206,9.628546281,15.68791666,0,0,0,0,0,9.532073497,2,62.95,14.63846877,14.52856874
2019-07-29,15.44839854,12.43353445,15.48289328,9.648545959,30.17418264,3,12.43353445,16.95583058,9.677246913,30.17418264,13.73664634,0,15.2114779,9.698902829,15.68842209,0,0,0,0,0,9.64502344,2,63.16,14.63846877,14.6116479
2019-08-05,15.33237569,12.12458906,15.45795817,9.560797285,30.02830189,3,12.12458906,16.93626901,9.568838528,30.02830189,13.67475167,0,14.90351339,9.792012336,15.47877189,0,0,0,0,0,9.668363568,2,58.86,14.40944084,14.505567
2019-08-12,15.3339774,12.11050712,15.50567865,9.769141134,30.1359197,3,12.11050712,16.94571253,9.780940135,30.1359197,13.40892781,0,14.58254335,9.92340937,15.48820879,0,0,0,0,0,9.834476252,2,58.35,14.40944084,14.53562964
2019-08-19,15.12999661,11.62355901,15.43332645,9.364384925,30.375,3,11.62355901,16.88321541,9.229692098,30.375,13.37455304,0,14.63846609,9.850732268,15.19648939,0,0,0,0,0,9.742251424,2,58.93,14.40944084,14.34482146
2019-08-26,15.3763063,12.02218246,15.52246361,9.462269068,30.49115044,3,12.02218246,17.05336822,9.493981013,30.49115044,13.81504016,0,14.78618334,9.729780456,15.14864502,0,0,0,0,0,9.564312817,2,58.87,14.40944084,14.52238328
2019-09-02,15.31765128,11.63566238,15.60494702,9.264228393,30.68309859,3,11.63566238,17.15864572,9.20126649,30.68309859,13.8690866,0,14.81047276,9.941680974,15.08210289,0,0,0,0,0,9.665916587,2,59.11,14.18596372,14.47086569
2019-09-09,14.9869482,11.31146402,15.35979132,9.20891371,30.18049793,3,11.31146402,16.8246903,9.063272857,30.18049793,13.55228582,0,14.37186233,9.875480001,14.51007394,0,0,0,0,0,9.687837708,2,60.06,14.18596372,14.20312638
2019-09-16,14.94067537,11.21020659,15.32957729,9.029520033,30.70982143,3,11.21020659,16.80590976,8.832156341,30.70982143,13.11082149,0,14.16591915,9.409818646,15.04827516,0,0,0,0,0,9.417033031,2,63.12,14.18596372,14.15261424
2019-09-23,14.65667551,10.72852072,15.05003278,8.44658308,30.14363277,3,10.72852072,16.62075291,8.286298487,30.14363277,13.03173334,0,13.56835838,8.68391391,15.16035664,0,0,0,0,0,8.725533088,2,61.64,14.18596372,13.81531505
2019-09-30,14.39605987,10.55608266,14.74972729,8.075244808,30.16666667,3,10.55608266,16.31604848,7.870645939,30.16666667,12.597239,0,13.66601315,8.295139709,15.27392267,0,0,0,0,0,8.389791128,2,61.12,14.18596372,13.55154311
2019-10-07,14.19685277,10.82658628,14.54104569,8.313871099,30.28456592,3,10.82658628,15.88198601,7.882164442,30.28456592,13.00998391,0,14.36578032,8.476936647,13.11225399,0,0,0,0,0,8.82711053,2,58.22,14.18298344,13.47977158
2019-10-14,14.60377162,11.51537376,14.70258611,8.766222981,28.10321589,3,11.51537376,16.14797055,8.688810306,28.10321589,13.41836332,0,14.48295181,8.829824909,15.30506658,0,0,0,0,0,8.87543662,2,58.94,14.18298344,13.79195401
2019-10-21,14.97830946,11.61436935,15.13609886,8.679487769,30.33257919,3,11.61436935,16.66027952,8.499543537,30.33257919,13.64280297,0,14.7445835,8.514931876,15.25258457,0,0,0,0,0,8.777154056,2,58.87,14.18298344,14.12989043
2019-10-28,14.11109937,11.32844547,14.24499915,8.455206158,26.5,3,11.32844547,15.50242631,8.075163977,26.5,13.33800798,0,14.62868685,8.122123855,15.34025229,0,0,0,0,0,8.668707188,2,59.45,14.18298344,13.4116981
2019-11-04,14.52927445,11.4134071,14.65642662,8.352385166,30.42982456,3,11.4134071,16.08720812,8.061927444,30.42982456,13.2580218,0,14.62999058,7.927031259,14.10592366,0,0,0,0,0,8.430165936,2,60.89,13.75146674,13.72984962
2019-11-11,14.52450863,11.54401881,13.60116535,8.621207535,29.60949057,4,11.54401881,16.01475354,8.468426117,29.60949057,13.36534986,0,14.72111224,8.569926859,13.87000926,0,0,0,0,0,8.705968256,3,61.09,13.75146674,13.08687871
2019-11-18,14.97599708,11.9129473,14.02635071,9.082739865,30.24418605,4,11.9129473,16.50752197,9.10147153,30.24418605,13.50582181,0,14.60781092,8.984859371,14.39720976,0,0,0,0,0,9.037625257,3,61.56,13.75146674,13.49799986
2019-11-25,15.13126156,12.13800333,14.29105991,9.499695025,29.27032173,4,12.13800333,16.62789068,9.381991694,29.27032173,13.87647063,0,14.82223784,9.310214573,15.000323,0,0,0,0,0,9.515003762,3,61.94,13.75146674,13.75279576
2019-12-02,14.95024856,11.7234906,15.07091756,9.517422888,27.97957471,3,11.7234906,16.56362754,9.726095511,27.97957471,13.47651231,0,13.61501315,9.620222972,15.316701,0,0,0,0,0,9.360150308,2,60.41,14.65093357,14.11450986
2019-12-09,16.56875031,12.64043887,16.73612688,9.918725986,27.30683859,3,12.64043887,18.53290603,10.10358384,27.30683859,17.96792071,0,14.95461856,9.880908506,15.96265416,0,0,0,0,0,9.714959394,2,63.34,14.65093357,15.5659303
2019-12-16,16.71890799,13.56736275,16.23005323,11.68559715,30.14310954,4,13.56736275,18.29468061,11.27039583,30.14310954,15.39523103,0,15.65070292,11.05676908,16.83908468,0,0,0,0,0,11.75278868,3,64.19,14.65093357,15.56438061
2019-12-23,17.01621253,13.1440364,16.7968004,11.99056505,29.92857143,4,13.1440364,18.9523006,11.49533011,29.92857143,15.90172769,0,15.62415993,12.32674735,17.37458818,0,0,0,0,0,12.43278245,3,64.65,14.65093357,15.8836094
2019-12-30,17.48383139,13.37989986,17.3305641,12.54353483,30.09090909,4,13.37989986,19.53579716,12.16697169,30.09090909,16.063751,0,15.63153104,13.2056747,18.35063388,0,0,0,0,0,13.01529022,3,64.85,14.65093357,16.34289804
2020-01-06,16.994,13.48,17.93,13.02666667,28.5,3,13.48,19.33666667,12.685,28.5,15.55,0,14.76,13.17,0,0,0,0,0,0,13.44,2,68.28,14.955954,16.44666667
2020-01-13,17.34,13.53,17.03333333,12.57,29.77,4,13.53,19.245,12.53,29.77,15.395,0,14.7,12.7,18.42,0,0,0,0,0,12.64,3,65.72,14.955954,16.1575
2020-01-20,15.58666667,13.715,16.5225,12.3,20.14,2,13.715,16.5225,12.3,20.14,15.435,0,15.2,12.37,17.91,0,0,0,0,0,12.37,1,65.75,14.955954,15.58666667
2020-01-27,16.89333333,13.245,16.275,11.47,29.86,4,13.245,18.7175,11.55,29.86,15.36,0,15.12,11.73,17.68,0,0,0,0,0,11.50333333,3,64.37,14.955954,15.5175
2020-02-03,15.97666667,12.28,16.368,10.58,29.67,3,12.28,17.825,10.6,29.67,14.22,0,13.65,10.29,16.55,0,0,0,0,0,10.415,2,53.5,14.39166667,15.2
2020-02-10,15.17,11.38,17.065,9.155,29.95,2,11.38,17.065,9.155,29.95,13.7,0,13.49,9.04,15.36,0,0,0,0,0,9.04,1,53,14.39166667,15.17
2020-02-17,15.07833333,11.21,15.414,9.123333333,30.44,3,11.21,17.0125,9.175,30.44,13.4,0,13.31,9.24,14.88,0,0,0,0,0,9.13,2,55.34,14.39166667,14.21285714
2020-02-24,15.72333333,11.7,16.192,9.8,29.8,3,11.7,17.735,9.69,29.8,14.335,0,13.75,9.73,16.49,0,0,0,0,0,9.875,2,54.68,14.39166667,14.90857143
2020-03-02,15.73666667,11.855,17.6775,9.605,29.88,2,11.855,17.6775,9.605,29.88,14.12,0,14.23,9.73,17.09,0,0,0,0,0,9.73,1,50.95,14.78056406,15.73666667
2020-03-09,15.18833333,11.4,17.0825,9.245,29.97,2,11.4,17.0825,9.245,29.97,13.405,0,13.65,9.34,15.86,0,0,0,0,0,9.34,1,36.26,14.78056406,15.18833333
2020-03-16,15.01666667,11.265,15.296,9.033333333,29.98,3,11.265,16.8925,9.095,29.98,12.765,0,13.63,9.29,16.4,0,0,0,0,0,9.1,2,35.45,14.78056406,14.14428571
2020-03-23,14.675,11.145,14.27,9.4725,29.63,4,11.145,16.44,9.015,29.63,12.235,0,13.38,9.12,15.92,0,0,0,0,0,9.66,3,33.96,14.78056406,13.48875
2020-03-30,14.39666667,10.77,14.758,9.043333333,26.97,3,10.77,16.21,9.09,26.97,12.635,0,12.84,9.48,15.96,0,0,0,0,0,9.215,2,33.84,14.78056406,13.61857143
2020-04-06,15.21833333,11.845,16.905,9.765,29.9,2,11.845,16.905,9.765,29.9,13.545,0,13.55,9.39,14.79,0,0,0,0,0,9.39,1,27.45,14.86277705,15.21833333
2020-04-13,12.042,11.585,11.6975,9.433333333,0,3,11.585,12.34666667,9.275,0,13.45,0,13.72,9.1,14.76,0,0,0,0,0,9.425,2,24.74,14.86277705,11.66
2020-04-20,14.77666667,11.315,15.096,9.123333333,29.14,3,11.315,16.5075,8.96,29.14,13.285,0,13.59,8.88,15.03,0,0,0,0,0,9.165,2,21.47,14.86277705,14.01571429
2020-04-27,14.71666667,11.17,14.89,8.666666667,29.5,3,11.17,16.49,8.755,29.5,13.175,0,13.36,8.53,14.94,0,0,0,0,0,8.51,2,20.37,14.86277705,13.82714286
2020-05-04,14.45166667,10.89,14.666,8.386666667,29.77,3,10.89,16.2325,8.38,29.77,12.725,0,13.36,8.34,14.73,0,0,0,0,0,8.37,2,26.2,14.71583875,13.58714286
2020-05-11,14.73333333,11.205,16.4975,8.825,29.89,2,11.205,16.4975,8.825,29.89,12.96,0,13.44,8.68,14.94,0,0,0,0,0,8.68,1,27.27,14.71583875,14.73333333
2020-05-18,15.28333333,11.8,15.564,9.93,29.7,3,11.8,17.025,10.035,29.7,13.435,0,13.73,10.2,15.06,0,0,0,0,0,9.96,2,30.55,14.71583875,14.48857143
2020-05-25,15.43166667,12.14,14.49,9.7225,29.63,4,12.14,17.0775,10.13,29.63,13.675,0,14.11,10.09,15.35,0,0,0,0,0,9.573333333,3,30.34,14.71583875,13.9025
2020-06-01,15.72,12.44,15.946,10.41,29.8,3,12.44,17.36,10.47,29.8,13.985,0,14.23,10.29,15.61,0,0,0,0,0,10.29,2,38.32,14.82230442,14.94428571
2020-06-08,16.53833333,13.41,15.32,10.695,30.56,4,13.41,18.1025,11.635,30.56,14.305,0,14.64,11.09,16.79,0,0,0,0,0,10.2,3,40.69,14.82230442,14.8425
2020-06-15,16.23166667,12.93,15.12166667,10.35,29.77,4,12.93,17.8825,11.1,29.77,14.285,0,14.59,10.93,16.85,0,0,0,0,0,10.04333333,3,39.85,14.82230442,14.57375
2020-06-22,15.65333333,12.12,15.496,9.223333333,30.25,3,12.12,17.42,9.935,30.25,13.645,0,14.22,9.85,16.51,0,0,0,0,0,8.825,2,41.12,14.82230442,14.53142857
2020-06-29,15.47166667,12.005,14.44166667,9.54,29.96,4,12.005,17.205,10.165,29.96,13.32,0,13.87,10.19,15.9,0,0,0,0,0,9.34,3,40.8,14.82230442,13.8325
2020-07-06,15.748,11.92,15.9425,9.376666667,29.83,3,11.92,18.3,9.63,29.83,14.16,0,14.16,9.58,15.49,0,0,0,0,0,9.225,2,42.89,14.63846877,14.60166667
2020-07-13,15.492,11.605,14.508,9.28,29.63,4,11.605,18.08333333,9.415,29.63,13.82,0,13.82,9.44,15.18,0,0,0,0,0,9.243333333,3,43.1,14.63846877,13.67857143
2020-07-20,15.202,11.245,14.236,8.9475,29.63,4,11.245,17.84,9.065,29.63,13.35,0,13.35,8.99,14.9,0,0,0,0,0,8.883333333,3,43.05,14.63846877,13.38142857
2020-07-27,15.264,11.445,14.232,9.0775,29.86,4,11.445,17.81,9.29,29.86,13.44,0,13.44,9.13,14.44,0,0,0,0,0,8.953333333,3,43.33,14.63846877,13.43571429
2020-08-03,14.76666667,11.385,13.92166667,9.0325,29.33,4,11.385,16.4575,9.215,29.33,12.995,0,13.32,8.98,14.85,0,0,0,0,0,8.893333333,3,43.39,14.40944084,13.2875
2020-08-10,14.86166667,11.785,13.12714286,9.024,28.84,5,11.785,16.4,9.415,28.84,13.31,0,13.97,9.23,14.88,8.25,0,0,1,0,8.88,4,43.78,14.40944084,12.82888889
2020-08-17,15.10333333,11.535,13.49571429,9.15,29.7,5,11.535,16.8875,9.415,29.7,13.4,0,13.74,9.5,15.29,8.25,0,0,1,0,9.105,4,43.78,14.40944084,13.06
2020-08-24,15.13,11.53,14.31166667,9.165,30.2,4,11.53,16.93,9.255,30.2,13.545,0,13.71,9.16,14.98,8.33,0,0,1,0,9.103333333,3,43.91,14.40944084,13.61625
2020-08-31,14.85,11.14,14.964,8.62,29.56,3,11.14,16.705,8.93,29.56,13.335,0,13.63,9.21,15.01,8,0,0,1,0,8.605,2,43.99,14.40944084,13.87142857
2020-09-07,14.96333333,11.095,14.13333333,8.7425,29.83,4,11.095,16.8975,8.88,29.83,13.635,0,13.47,9.04,14.92,7.8,0,0,1,0,8.75,3,42.61,14.18596372,13.37375
2020-09-14,14.60833333,11.02,13.14,8.846,30.09,5,11.02,16.4025,8.93,30.09,12.51,0,13.39,9.21,14.68,8.28,9,0,1,1,8.895,4,40.15,14.18596372,12.66888889
2020-09-21,15.07666667,11.2,14.23,9.03,30.21,4,11.2,17.015,9.4,30.21,13.47,0,13.14,9.54,14.51,7.68,0,0,1,0,8.953333333,3,41.41,14.18596372,13.4725
2020-09-28,15.085,11.725,14.03,9.08,29.19,4,11.725,16.765,9.6,29.19,13.67,0,14.04,9.79,14.78,7.67,0,0,1,0,8.97,3,41.62,14.18596372,13.45375
2020-10-05,14.92571429,12.89666667,13.70833333,8.42,22.51,4,12.89666667,16.4475,8.61,22.51,13.925,15.89,13.9,8.32,14.39,8,8.46,1,1,1,8.26,3,40.42,14.18298344,13.43777778
2020-10-12,14.59714286,11.5525,13.45166667,8.174,22.54,5,12.40333333,16.2425,8.065,22.54,13.425,15.89,13.28,8.09,14.12,7.4,8.34,1,1,1,7.943333333,3,40.78,14.18298344,12.692
2020-10-19,14.69714286,11.575,13.54833333,8.242,22.15,5,12.43333333,16.395,8.25,22.15,13.915,15.31,13.65,8.16,14.25,7.4,8.31,1,1,1,7.956666667,3,41.37,14.18298344,12.759
2020-10-26,14.53857143,12.28666667,14.462,7.556666667,22.395,3,12.28666667,16.2275,7.635,22.395,13.655,15.9,13.32,7.63,14.4,7.4,0,1,1,0,7.515,2,40.89,14.18298344,13.64625
2020-11-02,14.48,11.115,14.198,7.4225,22.365,4,12.48666667,15.975,7.8,22.365,13.45,15.89,13.07,7.1,14.13,0,7.09,1,0,1,7.095,2,38.36,13.75146674,12.82777778
2020-11-09,14.48142857,12.25666667,13.08166667,7.0775,22.545,4,12.25666667,16.15,7.21,22.545,13.675,15.9,13.56,7.11,14.51,6.9,6.99,1,1,1,7,3,41.4,13.75146674,12.80666667
2020-11-16,14.26833333,10.485,13.19333333,7.3125,29.17,4,10.485,16.16,7.365,29.17,13.495,0,13.57,7.33,14.72,6.8,7.72,0,1,1,7.283333333,3,42.52,13.75146674,12.51625
2020-11-23,14.58285714,11.2975,13.28666667,7.584,22.285,5,12.06333333,16.4725,7.545,22.285,14.04,15.2,13.37,7.47,14.34,6.8,7.03,1,1,1,7.1,3,43.08,13.75146674,12.491
2020-11-30,14.54285714,11.93666667,14.558,7.06,22.37,3,11.93666667,16.4975,7.19,22.37,14.1,15.19,13.42,7.18,14.48,6.8,0,1,1,0,6.99,2,43.39,13.75146674,13.575
2020-12-07,14.5,11.2575,13.95166667,8.386,22.21,5,12.01,16.3675,7.345,22.21,13.93,15.19,13.39,7.24,14.53,7,0,1,1,0,8.493333333,3,48.23,14.65093357,12.874
2020-12-14,14.57142857,11.305,13.34,7.67,22.555,5,12.07333333,16.445,7.545,22.555,13.92,15.19,13.46,7.52,13.96,7.05,7.21,1,1,1,7.26,3,49.46,14.65093357,12.526
2020-12-21,14.86428571,11.3975,13.65166667,7.818,22.815,5,12.19666667,16.865,7.82,22.815,14.21,15.19,13.53,7.77,14.36,7.1,7.35,1,1,1,7.406666667,3,49.86,14.65093357,12.75
2020-12-28,15.20714286,11.8025,15.102,8.4025,22.47,4,12.73666667,17.06,8.67,22.47,14.775,15.2,14.26,8.59,14.62,0,7.27,1,0,1,7.93,2,49.77,14.65093357,13.63555556
